id,username,created_at,lng,lat,text
1519012241894346752,camcavers,Tue Apr 26 17:55:15 +0000 2022,-123.123581,49.257639,@JasnTru There was a great tutorial from a knife maker in Nara I followed and got great results. I really need to p‚Ä¶ https://t.co/ZHIMxuFj2L
1519012242427047936,kyledizon1333,Tue Apr 26 17:55:15 +0000 2022,-118.4119065,34.0207895,Why do people make their problems their identity?
1519012243324645378,LilikoiJones,Tue Apr 26 17:55:15 +0000 2022,-157.799589,21.3199435,"True Friends let friends know about ""White Heads"" especially during school years! Look out for your buddy and pop their ""white heads"""
1519012243286990850,CensoredJeff,Tue Apr 26 17:55:15 +0000 2022,-89.2665075,39.7393005,Repeal the 19th.
1519012244524126210,nystern,Tue Apr 26 17:55:15 +0000 2022,-73.27496,40.84631,"Just posted a photo @ Commack, Long Island https://t.co/eneeEzMhrB"
1519012246084542465,BookieKillerKid,Tue Apr 26 17:55:16 +0000 2022,-82.063185,33.4407175,@TickPailor Perfect storm
1519012246461943808,SunPtothe,Tue Apr 26 17:55:16 +0000 2022,-118.4119065,34.0207895,@atypicalauditor The man was a gentle giant and based AF. Body Mind Spirit muy fuerte!! üí™üèª üá∫üá∏
1519012245832978434,wesblairbrown,Tue Apr 26 17:55:15 +0000 2022,-79.2725695,43.629311,"2022 Fort Erie C Isaac Jack will visit San Jose State this weekend. ETSU, St. Peter‚Äôs and Drexel have gotten involv‚Ä¶ https://t.co/z9e0Ic6ywP"
1519012247271526401,SplodgeNik,Tue Apr 26 17:55:16 +0000 2022,-79.861034,35.1704985,@elvngrl Only when it's not as delicious as I expected it to be.  :D
1519012247292448771,ZekeGary2,Tue Apr 26 17:55:16 +0000 2022,-120.882482,47.273022,Elon Musk sets an example of  courage and how important character is! There is no mountain we can't climb. There‚Ä¶ https://t.co/DG2qBAJIf9
1519012248001294337,DJSKYLERGILMORE,Tue Apr 26 17:55:16 +0000 2022,-115.19569,36.11454,The @palms is open !! Come catch me early @shagstoreps and buy some amazing art!! Then 80$-90$ afterhours‚Ä¶ https://t.co/rYzY1Cjlpy
1519012248605372419,payton1peterson,Tue Apr 26 17:55:16 +0000 2022,-83.804475,27.698681999999998,Professional at missing work!
1519012248953528320,JenniferVerkui2,Tue Apr 26 17:55:16 +0000 2022,-92.4367735,38.3045585,@BATGUANO4thst I love that! Idk if I‚Äôve ever heard that before
1519012249226170368,ronguerriero,Tue Apr 26 17:55:16 +0000 2022,-71.462185,42.259454500000004,"""Propaganda works best when those who are being manipulated are confident they are acting on their own free will.""JG3R"
1519012249402281986,_mattywood_,Tue Apr 26 17:55:16 +0000 2022,-87.84223700000001,42.1640655,@The_Franchise12 he shall cook
1519012249439850496,dsgolson,Tue Apr 26 17:55:16 +0000 2022,-118.36964499999999,34.0870095,@SCAaronH Because they're cool
1519012250559807488,ChrisSm66320879,Tue Apr 26 17:55:17 +0000 2022,-116.942735,32.882378,@johnrobertsFox @VP @WhiteHouse @JoeBiden Bummer
1519012251851796482,atienoslist,Tue Apr 26 17:55:17 +0000 2022,-83.099288,42.3527865,Tues‚Ä¢DaY   ‚Ä¢ üé∏ üé∏‚Ä¢         .‚Ä¢¬∞          ‚Ä¢ ü•Åü•Åü•Åü•Åü•Å ‚Ä¢ CapTains and PeNtaGon ‚Ä¢ üé∑üé∑üé∑üé∑üé∑‚Ä¢ üéπüéπüéπüéπüéπ ‚Ä¢ The aFrican Music Indu‚Ä¶ https://t.co/SZ0weGNU2e
1519012253068144649,Nunya31273593,Tue Apr 26 17:55:17 +0000 2022,-85.9785995,35.8305215,"@robreiner Poll, Who cares if meat head leaves?"
1519012252011147264,SCMilitaryDept,Tue Apr 26 17:55:17 +0000 2022,-80.926628,33.6311395,"The SC #NationalGuard conducted a ribbon-cutting ceremony, April 25, for the #SCGuard readiness center in Sumter, S‚Ä¶ https://t.co/RHeKO8xS3v"
1519012253890379776,kid_in_kc,Tue Apr 26 17:55:17 +0000 2022,-94.3783325,39.0880045,"Hrmpfh. I've lost around 1200 followers since Twitter started their nonsense. (I'm a nobody, so that's way more tha‚Ä¶ https://t.co/uHKcPYsmDa"
1519012254221578240,TommyLambertOKC,Tue Apr 26 17:55:17 +0000 2022,-97.552161,35.4828435,@SaraGonzalesTX Kinda like: https://t.co/fdY7BjYx7K
1519012255333072896,NorthHillsLax,Tue Apr 26 17:55:18 +0000 2022,-80.02511050000001,40.52118900000001,By Monday 5/2!#nhproud #laxflow https://t.co/ZaE616iA3O
1519012255949627392,JoseFifteen,Tue Apr 26 17:55:18 +0000 2022,-98.14361,26.1990825,@Simeon_TTT i can help you get to that point!
1519012256394190849,_antNEE,Tue Apr 26 17:55:18 +0000 2022,-74.126997,40.8555105,Been a busy productive morning/ afternoon now time to try and relax
1519012256431886339,WavGarments,Tue Apr 26 17:55:18 +0000 2022,-89.92202900000001,35.1335205,@Balldinho @SheyWiysonge @diorflow4 @KenOdiase1k @overtime @JaMorant I said many and not any for that very reason.
1519012256931065858,AlexThaTyrant,Tue Apr 26 17:55:18 +0000 2022,-84.3064885,33.9430725,@thebodysavage Mama don‚Äôt disappoint lol
1519012258654953473,JMMore1,Tue Apr 26 17:55:19 +0000 2022,-87.732013,41.8335845,But why are dumbells and kettle bells so expensive though
1519012259313377285,__Murphy88,Tue Apr 26 17:55:19 +0000 2022,-79.42086499999999,38.003375500000004,"Nothing confirmed yet, but the way the GBO rotation has been going, next in line should be Adrian Florencio."
1519012260139704323,Scottslifeeh,Tue Apr 26 17:55:19 +0000 2022,-80.2739375,43.147571,@geostylegeo A paradigm shift in my world views
1519012260093603841,Mo_Holder,Tue Apr 26 17:55:19 +0000 2022,-118.605352,34.16852,Just posted a photo @ Woodland Hills https://t.co/OPnK6UZOyz
1519012260160557056,MaloneRicky,Tue Apr 26 17:55:19 +0000 2022,-94.630314,39.121036,The 2022 US News &amp; World Report came out today ranking high schools across the nation!Sumner Academy is once again‚Ä¶ https://t.co/fUdYUGQOhd
1519012264086585344,TatorTim412,Tue Apr 26 17:55:20 +0000 2022,-79.9806895,40.431388999999996,Today is the Warner Bros Discovery panel at #CinemaCon at 7:30pmEST/4:30PST. What announcements are you expecting?‚Ä¶ https://t.co/INRz5irYqz
1519012265680424964,PythPuffy28,Tue Apr 26 17:55:20 +0000 2022,-87.732013,41.8335845,Only Went Once But Hell Yeah!
1519012264778547205,RobJeezz,Tue Apr 26 17:55:20 +0000 2022,-77.60468399999999,41.1179365,Johnny !! https://t.co/lPfpT4UOhQ
1519012266867412998,JonPoorman,Tue Apr 26 17:55:20 +0000 2022,-100.0768885,31.1688935,From @MarcG14Line: Spring football full go in Lake Houston area https://t.co/W6oAKU1mIS via @houstonchron | #txhsfb
1519012267483963397,Austin_Pabon22,Tue Apr 26 17:55:21 +0000 2022,-82.44269399999999,27.9965945,If I see one more post bout bad bunny being in the MCU Imma stab everyone üò§
1519012267785953281,gridfoundation,Tue Apr 26 17:55:21 +0000 2022,-115.149,36.1675,"Just posted a photo @ Las Vegas, Nevada https://t.co/UjkCuXhtSs"
1519012267911749635,dicey631,Tue Apr 26 17:55:21 +0000 2022,-74.15394699999999,40.572376000000006,@WashTimes He‚Äôs a liar
1519012267945340928,jamesmichaelb16,Tue Apr 26 17:55:21 +0000 2022,-72.524305,41.7769225,@NoHiYoJin1 @nees__x For what reason
1519012269408997376,A1Craftsman,Tue Apr 26 17:55:21 +0000 2022,-122.2286855,37.791994,"@Belisarius2020 Bill, FYI have you checked into Providence blockchain ,its the chain that USDF (FDIC) backed and wi‚Ä¶ https://t.co/InU5rbPjEa"
1519012267966472192,WBBMRachel,Tue Apr 26 17:55:21 +0000 2022,-87.611504,41.793968,‚ÄúThis is not the way that government is supposed to work. This is not a program that benefits safety.‚Äù Citizens to‚Ä¶ https://t.co/pLhyq4yKFA
1519012269329469440,StarOneRealtors,Tue Apr 26 17:55:21 +0000 2022,-84.5889676,39.2453735,Check out our #listing in #ColerainTwp #OH  #realestate #realtor https://t.co/pEYjZNH7Gj https://t.co/5eWJgoySmD
1519012270583554049,rbollinger01,Tue Apr 26 17:55:21 +0000 2022,-89.87077550000001,37.7237255,I just wanna go to a concert tonight.
1519012271191695362,TheLoisLaneeee,Tue Apr 26 17:55:21 +0000 2022,-95.44648649999999,29.838495,EVER
1519012271615361024,CoachBecktonJr,Tue Apr 26 17:55:22 +0000 2022,-81.1972755,28.588445,YESSIR!! BRINGING ANOTHER UCFFAMILY BACK! God is Good!!! Let‚Äôs Go BROTHER!!! @cgeathers26 üôåüèæüôèüèæ
1519012272219250694,prettygirlshyx2,Tue Apr 26 17:55:22 +0000 2022,-95.44648649999999,29.838495,I‚ÄôM HELL WHEN I‚ÄôM WELL man üòÇüòÇ
1519012272592412672,quis__custodiet,Tue Apr 26 17:55:22 +0000 2022,-118.29618,34.06609,1755ZN267LA LAPD AIR SUPPORT DIVISIONN34.0661 W118.2962Altitude: 1350ftCourse: 272¬∫Groundspeed: 93kts https://t.co/ZF4lGkJvqz
1519012273154494464,Angel_559_,Tue Apr 26 17:55:22 +0000 2022,-119.539514,36.6122875,@EPrisby @RexChapman @JoeAtWork87 He was 6'4 lol just didn't fill out his frame yet.
1519012273049804800,beenishhuda,Tue Apr 26 17:55:22 +0000 2022,-79.9135205,43.2606955,Shame on courts n shame on @OfficialDGISPR to watch this happen right under their nose!
1519012273376874496,6__juicePenn1y,Tue Apr 26 17:55:22 +0000 2022,-86.27053950000001,45.001180000000005,"Like, I know that shit would irritate df outta me, so idk why I‚Äôm acting like I want that rn ü§¶üèΩ‚Äç‚ôÇÔ∏èü•¥"
1519012273410428928,Sincerelove28,Tue Apr 26 17:55:22 +0000 2022,-76.919849,39.0400745,I was done with school projects for Camila two years ago üòëüôÑ
1519012273708277761,TheColbyV,Tue Apr 26 17:55:22 +0000 2022,-92.342322,34.721886,@thehairykate yeah Raja was a close contender
1519012274106556417,Jeremyarchila,Tue Apr 26 17:55:22 +0000 2022,-117.0350275,32.985290500000005,@an_opaque_lens @ZubyMusic African-American
1519012274282790914,AsiaCorene,Tue Apr 26 17:55:22 +0000 2022,-95.44648649999999,29.838495,CAUSE tonighttt will be the night that I will fall for YOUUUU over agiauuuuuuunnnnnnnnn don‚Äôt make me change my MINNDDD
1519012276002381826,310Jacki,Tue Apr 26 17:55:23 +0000 2022,-118.40899,34.0060125,@jilevin @DougFoley6 Ever since his neighbor beat him up he has become more radical. Maybe his neighbor was a democrat
1519012276233191426,kbsorlien,Tue Apr 26 17:55:23 +0000 2022,-93.389864,41.938228499999994,@Pensmansports Of course
1519012276367347714,KishorBlue2,Tue Apr 26 17:55:23 +0000 2022,-124.169452,40.7826235,@SanaSaeed Vegatable Byrani please
1519012276363218945,WBBMRachel,Tue Apr 26 17:55:23 +0000 2022,-87.611504,41.793968,Data from @illinoispolicy shows the city issued more than 2.8 million tickets in 2021. Almost two-thirds of revenue‚Ä¶ https://t.co/uLEr3nBfMJ
1519012278145896455,jadedblkgirl,Tue Apr 26 17:55:23 +0000 2022,-72.9291585,41.298394,this family friendly ass fight üò≠
1519012278296879104,superflamedude,Tue Apr 26 17:55:23 +0000 2022,-81.3677725,28.501678499999997,@SenshiiNFT I see all these engagement tweets but never see any winners am I just missing the tweets ?
1519012279601319940,ChristoCS,Tue Apr 26 17:55:23 +0000 2022,-120.659944,35.29992651,Morehead State at table B3! Come say high if you're at #CubeSatDW @ California Polytechnic State University (Cal Po‚Ä¶ https://t.co/tqfsQSGEao
1519012280473595904,SantanaInDaCut,Tue Apr 26 17:55:24 +0000 2022,-104.92209349999999,39.713563,This bitch sending me guns and bottles like that shit turn me on or something
1519012280955977728,BroGod4Life,Tue Apr 26 17:55:24 +0000 2022,-89.968441,36.789103999999995,Y'ALL NEED TO TELL HER ABOUT FINN YOU CAN'T KEEP THIS OUT OF SIGHT SHE NEEDS TO KNOW #BoldandBeautiful
1519012284462473216,TommySmalls,Tue Apr 26 17:55:25 +0000 2022,-87.58599091,41.79869461,"I'm at The Victorian Apartments - @tlcmanagement in Chicago, IL https://t.co/hkf4dUm6bW"
1519012284571521026,MastrJedi,Tue Apr 26 17:55:25 +0000 2022,-98.52005650000001,33.92642,@bgarret026 @bennyjohnson @JDVance1 @RepMTG gimp
1519012283942330369,JoeShow68347212,Tue Apr 26 17:55:25 +0000 2022,-71.02134,42.256124,"@USvsObama @OANN @GOPLeader You chose President Trump 4news.Media is the enemy,he said. Feb24,2017. Only HE says w‚Ä¶ https://t.co/fLgk5Y5dvx"
1519012285355728897,Mistress_Jan,Tue Apr 26 17:55:25 +0000 2022,-120.58340150000001,44.1454365,I think we have to assumed he‚Äôs always armed
1519012285657886722,cookja1991,Tue Apr 26 17:55:25 +0000 2022,-71.265439,41.6785195,Wow @trixiemattel made it to the gay porn meme page
1519012285657739264,NeuroNupe17,Tue Apr 26 17:55:25 +0000 2022,-111.6964685,40.2951135,@2Chairz317 Bro is on his way out‚Ä¶ no one has 30 million to throw away
1519012285930369024,BUCKET2V,Tue Apr 26 17:55:25 +0000 2022,-122.0429745,38.233362,@flock4jock I wanna a notch myself too no lie they clean
1519012286014189568,NWSSevereTstorm,Tue Apr 26 17:55:25 +0000 2022,-79.97030614,35.40830812,"Severe Thunderstorm Warning continues for High Point NC, Thomasville NC, Asheboro NC until 2:30 PM EDT https://t.co/ltJ2vVAiC4"
1519012286689513472,Magic_Mahomes,Tue Apr 26 17:55:25 +0000 2022,-112.12467649999999,33.5528625,Acu√±a will be back when the time is right all you Twitter GM‚Äôs &amp; Doctors can breathe. Stay in your lane. ü§üüèº #ForTheA
1519012287675305986,johnnyboy_610,Tue Apr 26 17:55:25 +0000 2022,-75.40201250000001,40.1482955,Sit Embiid for game 6. Nick Nurse wouldn‚Äôt know what to do with everybody being a willing scorer and not stand arou‚Ä¶ https://t.co/zLQGusZcVO
1519012288732180480,realgmart76,Tue Apr 26 17:55:26 +0000 2022,-117.397616,33.935822,@ridgewallet Blue
1519012288379904002,urbangaygriot,Tue Apr 26 17:55:26 +0000 2022,-71.0887125,42.3136695,"@SharSaysSo The taste, the elegance, the sophistication https://t.co/BcBgiB4Fmj"
1519012289197879297,OnlyInSouthFL,Tue Apr 26 17:55:26 +0000 2022,-80.94407603,35.22016027,"I'm at Beaudevin Wine Bar - @hmshost in Charlotte, NC https://t.co/cLNNk2jwk9"
1519012290334392320,drkomanduri,Tue Apr 26 17:55:26 +0000 2022,-111.91702599999999,40.765805,This is funny but as someone who will be moving there in a rather painful way. üòÇüòÇüòÇ
1519012293928837123,workmtc,Tue Apr 26 17:55:27 +0000 2022,-112.0260538,41.1107771,"We're hiring! Click to apply: Substance Abuse Coordinator - https://t.co/bzreli7gzp #Healthcare #Clearfield, UT"
1519012293757091840,yungmisdemean0r,Tue Apr 26 17:55:27 +0000 2022,-100.0768885,31.1688935,@DalClowd BAD DOG https://t.co/dSqWJKa5jO
1519012292993585152,BruceZeebawl,Tue Apr 26 17:55:27 +0000 2022,-118.1567105,33.809171500000005,TOMORROW!! Our next single drops. The track is called ‚ÄúElephants in the Green Room‚Äù and it‚Äôs awesome.Give us (‚Ä¶ https://t.co/3eWdyrMIjC
1519012294298066948,CoachGMitchell,Tue Apr 26 17:55:27 +0000 2022,-71.566171,44.00123,Happy birthday to my dawg Coach Willie!! @Coach_Denson863 üéà‚úäüèæ
1519012294612688898,alexlurkwolfe,Tue Apr 26 17:55:27 +0000 2022,-74.0108855,40.787364999999994,@hourlywolvesbot this will never not be cute
1519012294730125313,keenkroywen,Tue Apr 26 17:55:27 +0000 2022,-73.9685415,40.780709,@ntrejosart @Lamadrinanyc2 Yea definitely don‚Äôt go with the aluminum. Can‚Äôt speak in wood never tried it.
1519012295812296705,too2on,Tue Apr 26 17:55:27 +0000 2022,-74.046402,40.885965999999996,@PRLstepper He talking bout OKC not GSW lol
1519012295887699968,ctrewes,Tue Apr 26 17:55:27 +0000 2022,-73.05374499999999,41.224028,@GeorgeColli Needs better writers
1519012295925321729,tmj_rip_manuf,Tue Apr 26 17:55:27 +0000 2022,-71.2356113,42.3764852,"Fresenius Medical Care is looking for teammates like you. See our latest #Manufacturing job openings, including ""Cy‚Ä¶ https://t.co/NDfcVLPlTf"
1519012296282021888,Jay_FnHarris,Tue Apr 26 17:55:27 +0000 2022,-84.433106,33.7671945,@kaminnismf Like before 2012 now üòÇ
1519012299238887424,rafihhhh,Tue Apr 26 17:55:28 +0000 2022,-117.104989,32.810012,@fourhundredpapi you know my Gemini tactics now is no fun üòî
1519012300430393344,tosinadeda,Tue Apr 26 17:55:28 +0000 2022,-79.616073,43.555244,@mrlurvy My Auxiliary leader has approved my fineness. Na money remain bayi ü§£
1519012300107120640,NWSRaleigh,Tue Apr 26 17:55:28 +0000 2022,-79.97030614,35.40830812,"Severe Thunderstorm Warning continues for High Point NC, Thomasville NC, Asheboro NC until 2:30 PM EDT https://t.co/GGx0UNwJQy"
1519012300992094208,AhmadFaruqui,Tue Apr 26 17:55:29 +0000 2022,-121.959531,37.813777,Imran Khan had said he would not borrow a penny from either the Arabs or the IMF. He broke all his major promises.‚Ä¶ https://t.co/qhJqUMRkri
1519012301231120384,Fonziie,Tue Apr 26 17:55:29 +0000 2022,-122.2286855,37.791994,We are going to #ABGT500! Get ready @wiffanytood15 @matt_bang22 üòçü•≥ü´∂üèº
1519012301378048002,brett_yokum,Tue Apr 26 17:55:29 +0000 2022,-96.9729125,28.802534,@iCyclone Won't be long
1519012301663354883,JRTouch,Tue Apr 26 17:55:29 +0000 2022,-89.87644900000001,32.571032,@PadraigBelton Have fun with your bb gunüòâ
1519012301709455362,GuyChristianEr2,Tue Apr 26 17:55:29 +0000 2022,-68.98470499999999,45.188407,@America1Scotty ILL SAY IT 13% OF COUNTRYS BLACK ! HIPPOCRATCY OF BLACKS CRYING RACISM IN EVERY JOB WALK OF LIFE KI‚Ä¶ https://t.co/XgBzqo5sKI
1519012302195990530,wheredthesodago,Tue Apr 26 17:55:29 +0000 2022,-93.80943400000001,32.461107,"@_AVeryNiceName ""wanna like, idk, drink out of the toilet together later?""""yeah maybe""""cool. cool"""
1519012302346883072,beastielife,Tue Apr 26 17:55:29 +0000 2022,-118.4119065,34.0207895,Nothing drives my anxiety into overdrive like waiting for the follow-up (contract offer) call after a client meeting.
1519012304238567425,ChadSimmons_,Tue Apr 26 17:55:29 +0000 2022,-84.9327635,34.5035605,Top-100 prospect in the 2024 On3 Consensus rankings adds #LSU offer. https://t.co/8f3F8LVzNe
1519012304712441856,DurgaKalindi,Tue Apr 26 17:55:29 +0000 2022,-122.2302225,38.114777000000004,@Calitina3 @johnlegend @SharonHenry4DA She‚Äôs the devil incarnate!!! üëøüî•üëø https://t.co/UHFT1OIGgM
1519012304968425483,Sophieswaney_,Tue Apr 26 17:55:30 +0000 2022,-89.92202900000001,35.1335205,@DrakeTweedy07 I like to treat the fish w respect &amp; not try to break their jaw for a pic opportunity üòâ
1519012306390294529,Scottslifeeh,Tue Apr 26 17:55:30 +0000 2022,-80.2739375,43.147571,@geostylegeo Indeed
1519012307661164544,miguel2586,Tue Apr 26 17:55:30 +0000 2022,-90.24782400000001,38.653771,@AlanSarapa Seriously has he seen the twins?? Satan could make his own baby with any Salemite he wanted. The campin‚Ä¶ https://t.co/raHHeMUJwq
1519012308348977153,commonnmistake,Tue Apr 26 17:55:30 +0000 2022,-80.8467855,35.209058999999996,Holy Diver.
1519012308248317954,LarthMedia,Tue Apr 26 17:55:30 +0000 2022,-157.84775733,21.29283162,Just another #beautiful #morning in #honolulu ü•± @ Hawaiki Tower https://t.co/5j5fmX5ebH
1519012308051058689,shellgonzo,Tue Apr 26 17:55:30 +0000 2022,-108.193367,36.757419999999996,"Been working on getting Jayden‚Äôs graduation announcements ordered, pictures and hoping I don‚Äôt mess anything up. Wh‚Ä¶ https://t.co/U7jlyo7Udt"
1519012308852248578,MikeDangeli,Tue Apr 26 17:55:30 +0000 2022,-121.9512525,49.1373095,@GraceNiMhaille @GitHayetsk @MiquelDangeli Greetings
1519012308290318339,TheyHateNoelll,Tue Apr 26 17:55:30 +0000 2022,-96.69093699999999,32.9644845,When he do everything he says in texts &gt;&gt;&gt; https://t.co/Zl8YFNdO8p
1519012309468856320,famousleeko,Tue Apr 26 17:55:31 +0000 2022,-84.35244449999999,33.943456999999995,Single üòä
1519012310605385728,a220_angela,Tue Apr 26 17:55:31 +0000 2022,-121.8737305,37.331159,"I‚Äôm not into how many followers I have, ahem, 3212üò≥üôÉ, but I‚Äôve lost a lot of followers these past few days. Anyone else?"
1519012310559248390,shellgonzo,Tue Apr 26 17:55:31 +0000 2022,-108.193367,36.757419999999996,And here she is graduating high school and giving a speech during her graduation. And has been accepted into the Ve‚Ä¶ https://t.co/fLR2yCyRju
1519012311134093312,BobbyBlanton7,Tue Apr 26 17:55:31 +0000 2022,-92.342322,34.721886,@EtherealClaire Let's go with leaving them off
1519012311595307009,shellgonzo,Tue Apr 26 17:55:31 +0000 2022,-108.193367,36.757419999999996,And this final HS semester she‚Äôs already been taking college classes. So those Drs can shove it! üòÇ
1519012311742177284,RichardAlanPal2,Tue Apr 26 17:55:31 +0000 2022,-87.74796549999999,43.7485585,@Kesthecollie That‚Äôs Runsies Kes!!!
1519012311712817155,ChocolateMilf,Tue Apr 26 17:55:31 +0000 2022,-95.508925,29.574284499999997,&amp; They‚Äôve been saying he‚Äôs ‚ÄúAfrican American‚Äù because he‚Äôs from South Africa ü§£ü§£ü§£ü§£
1519012310521552896,LittleLeighXoxo,Tue Apr 26 17:55:31 +0000 2022,-73.9487755,40.655138,"Eye Roll‚Ä¶The annoying defense counsel for #AmberHeard, is still grating on my nerves, by her famous like ‚Äúcorrect‚Äù.‚Ä¶ https://t.co/k2RGJpUSnw"
1519012312383819778,SuperMcfagbag,Tue Apr 26 17:55:31 +0000 2022,-122.630908,45.536402,"If you tell me you love me before a well established friendship, I will automatically not trust you."
1519012312547532800,cduvall30,Tue Apr 26 17:55:31 +0000 2022,-96.7311425,43.5410145,"@Gabe97958165 @mindi_1111 @suky01 @Cocolh44 Dawg, I read French yesterday and actually understood it. I couldn't sa‚Ä¶ https://t.co/E4DbaylVTo"
1519012312778113024,joeduvall91,Tue Apr 26 17:55:31 +0000 2022,-95.818827,36.298144,Meanwhile @Rocket1_Racing picked up a new customer base for t-shirt sales. #winning
1519012312912318465,beautiifuldecay,Tue Apr 26 17:55:31 +0000 2022,-118.03698299999999,33.818909500000004,The world is making it so easy to opt out
1519012313390587905,ThaKing1315,Tue Apr 26 17:55:32 +0000 2022,-82.914538,40.148988,@jesva0711 @etcbayc @Crypto_Sketch_ @Crypto_Sketch_ Is The Goat For Sure! My Respects To This Hard Working Gentlem‚Ä¶ https://t.co/vI2BbkutmG
1519012313520615425,d0rkph0enix,Tue Apr 26 17:55:32 +0000 2022,-94.3782315,38.916093000000004,@SarahBDay @Cannibal Thank you! I have a tray with LEDs in it curing now
1519012313176567809,StratAmericas,Tue Apr 26 17:55:32 +0000 2022,-118.36964499999999,34.0870095,"Musk, Twitter, and Ch-Ch-Changes: I gave some thoughts to @NewsyNatalie &amp; @Newsy https://t.co/miHrxReBz6#ElonMusk‚Ä¶ https://t.co/P0xljR1Ry9"
1519012314078457863,rachelcmcmahan,Tue Apr 26 17:55:32 +0000 2022,-85.5915265,38.2362825,SOS I‚Äôm out of my chocolate stash at my office.
1519012314795683842,TonyLea17,Tue Apr 26 17:55:32 +0000 2022,-79.2725695,43.629311,"Dr Curry didn't detect PTSD in Amber Heard when she analyzed her, but the results might be different after the doct‚Ä¶ https://t.co/bwlM9zwAx4"
1519012315844206593,teslaunivrse,Tue Apr 26 17:55:32 +0000 2022,-73.9685415,40.780709,üò≠ WTF is happening??? https://t.co/nmOnrKdDmw
1519012317928869896,dsrbroadway,Tue Apr 26 17:55:33 +0000 2022,-73.9685415,40.780709,@jonmchu It‚Äôs not like there‚Äôs multiple production of his musical worldwide that we could watch right now instead o‚Ä¶ https://t.co/d8K05F017Q
1519012318272573440,thewillwitt,Tue Apr 26 17:55:33 +0000 2022,-118.4119065,34.0207895,Journalists repeatedly prove they are the worst people in America.
1519012318796988416,Vannah_2x,Tue Apr 26 17:55:33 +0000 2022,-81.705467,41.495939500000006,I miss my friends üò©üò©üò©. A bitch be lonely üò©üò©ü§¶üèΩ‚Äç‚ôÄÔ∏è.
1519012318687817730,HurleyLohr,Tue Apr 26 17:55:33 +0000 2022,-117.397616,33.935822,"@kix811 @Salvato96788512 @w_terrence Well, when you learn how to read AND follow policy you won‚Äôt be deleted. You v‚Ä¶ https://t.co/ghoCHqHhn8"
1519012318818062336,Rell_GetBuckets,Tue Apr 26 17:55:33 +0000 2022,-76.148999,39.4977025,He a hoe! that‚Äôs all I got from this
1519012318935400449,tylerdrums_eth,Tue Apr 26 17:55:33 +0000 2022,-90.4419605,38.668105,#Anonymous is 3 today. 3 years ago 2 weeks before I was supposed to catch the tour I suffered a drug overdose leavi‚Ä¶ https://t.co/rK2cNdmsxd
1519012320214724609,coastersnbrews,Tue Apr 26 17:55:33 +0000 2022,-75.117998,40.0048655,You can tell a lot about an enthusiast by their thoughts on Magnum XL-200 at @cedarpoint
1519012320348975105,PJMastracchio,Tue Apr 26 17:55:33 +0000 2022,-80.13296249999999,25.816965500000002,@RexChapman @JoeAtWork87 Can‚Äôt forget Joe Morris!
1519012321363902464,GlenninVirginia,Tue Apr 26 17:55:33 +0000 2022,-76.069946,36.8025415,@TheChoochNation @weaverXP @GOP Creepy Joe has even less an ideas than we do. üòπ
1519012322693554180,MissusZumwalt,Tue Apr 26 17:55:34 +0000 2022,-85.7682405,37.822244,@TheChurchofTra1 @StarseedCecily @Jolindley1906 It is.
1519012322076987393,krishna_peri,Tue Apr 26 17:55:34 +0000 2022,-95.44648649999999,29.838495,Adulting every now and then is fun https://t.co/SiEvnUQLEN
1519012322848632833,tastelesslady,Tue Apr 26 17:55:34 +0000 2022,-118.4119065,34.0207895,"Thanks @elonmusk It‚Äôs that the end of the censorship on jokes? Comedians, ensemble! We have work to do! P.S.: I‚Ä¶ https://t.co/vbrSXRMKhw"
1519012323570208768,SpaldoBusiness,Tue Apr 26 17:55:34 +0000 2022,-86.1429225,39.7795625,@indylibrary Sooooooooo easy thank you.
1519012324044124161,KeenaMcGee,Tue Apr 26 17:55:34 +0000 2022,-87.732013,41.8335845,"You mean the police haven't talked to the waiter yet, he should be blackmailing Sheila. #BoldandBeautiful"
1519012324782186497,paddockchron3,Tue Apr 26 17:55:34 +0000 2022,-111.931711,34.1682535,@Nicole__Meiner Which stud?
1519012324916572160,JadahParadox,Tue Apr 26 17:55:34 +0000 2022,-75.117998,40.0048655,@DoctorLordBasil I‚Äôve been blocking Lone Skum‚Äôs troll/bot army‚Ä¶ I had to block him too. If I‚Äôm staying I need to have blinders on.
1519012325000327168,_Giannnnnnna,Tue Apr 26 17:55:34 +0000 2022,-112.01226500000001,33.058496000000005,Why does my 3 year old niece know what an amulet is lmao
1519012325281439745,Howard_doodles,Tue Apr 26 17:55:34 +0000 2022,-69.9383695,43.909027,@PabloPunkasso The organic growth in floor is quite impressive.
1519012326086569984,kitkatalack,Tue Apr 26 17:55:35 +0000 2022,-122.1014975,47.370402999999996,Let's goooo!!!‚ù§Ô∏è
1519012326103519232,MCRAGE961,Tue Apr 26 17:55:35 +0000 2022,-83.804475,27.698681999999998,New @_BinoJames coming soon üíØüíØüî•
1519012326766223367,AidanMcheese,Tue Apr 26 17:55:35 +0000 2022,-76.473111,44.320833,"@famoussexycool That sucks, I like the sound of the name ryerson"
1519012325897945090,GemaSimmons,Tue Apr 26 17:55:35 +0000 2022,-96.053431,41.275721000000004,Proud of @LoganJS05 and @ColinSi75434344 for their @OPSCentralHigh Purple Feather Day recognition!  üíó my @OPSCHSAth‚Ä¶ https://t.co/ukH9CoDpyO
1519012327764467712,MikeSquad1,Tue Apr 26 17:55:35 +0000 2022,-79.14179250000001,33.442004999999995,@MFStaley So sorry.   No ice cream üò¢
1519012328087298048,SantanaInDaCut,Tue Apr 26 17:55:35 +0000 2022,-104.92209349999999,39.713563,I hate hood rat hoes
1519012328653656066,RLTerry1,Tue Apr 26 17:55:35 +0000 2022,-82.44269399999999,27.9965945,@chriswill_84 @skutlelemur @KevinRBrackett Oh brother. Now it‚Äôs gonna have a bunch of underwhelming subplots added‚Ä¶ https://t.co/llJflAck4a
1519012328821301248,docholliday_dds,Tue Apr 26 17:55:35 +0000 2022,-107.554562,43.000325000000004,@RichardHanania Really
1519012329177948160,APOCrunch,Tue Apr 26 17:55:35 +0000 2022,-78.74736899999999,42.7677015,@Torrid woke up this morning and chose violence. ü§£ #nerdsnotice https://t.co/QqPlaybxB7
1519012327680626689,CCNYSports,Tue Apr 26 17:55:35 +0000 2022,-73.948548,40.820504,The @CUNYAC Baseball Player of the Week goes to...ùóùùó¢ùó°ùóîùóßùóõùóîùó° ùó•ùóúùó©ùóòùó•ùóî üëèüëè#GoBeaversüü£‚ö´Ô∏è | #PrideoftheCity |‚Ä¶ https://t.co/4fTVVOK4YB
1519012330176139266,wouzy_,Tue Apr 26 17:55:36 +0000 2022,-96.7617535,32.819858499999995,As KD should.
1519012331329441792,jeffm1981,Tue Apr 26 17:55:36 +0000 2022,-118.4119065,34.0207895,"@TinyWriterLaura So, why don‚Äôt you give all of your money away? I mean, surely even the paltry amount of money you‚Ä¶ https://t.co/usgLr8RE3q"
1519012331182858241,WETHEKINGDOMQ99,Tue Apr 26 17:55:36 +0000 2022,-79.861034,35.1704985,SMILING üòÉ FROM EAR üëÇ 2 üëÇ https://t.co/XUWo6ZQxry
1519012331518406656,JanneauxD,Tue Apr 26 17:55:36 +0000 2022,-77.7289885,39.634461,@WorkingFamilies @BasiliskOnline If only there were a government agency whose sole purpose was to make sure everyon‚Ä¶ https://t.co/rE0N8llAkt
1519012331778281472,waffohs,Tue Apr 26 17:55:36 +0000 2022,-118.4119065,34.0207895,just did some online shoppingi feel so much better :)
1519012332252323845,SCweather_wx,Tue Apr 26 17:55:36 +0000 2022,-80.926628,33.6311395,@RainMaves3860 Weather seems fine!
1519012332025769984,CDReeseUSA,Tue Apr 26 17:55:36 +0000 2022,-117.319094,34.418775499999995,@CNBC @Davidlaz Dogecoin and Twitter stock plummeting as well https://t.co/VU9SZcYUa3
1519012332759826432,moe_jaymoe45,Tue Apr 26 17:55:36 +0000 2022,-79.861034,35.1704985,Got damn!
1519012332843712515,BMGriff007,Tue Apr 26 17:55:36 +0000 2022,-77.60468399999999,41.1179365,Oh yeah the Good Old Days !!!
1519012333762355201,CameronYow,Tue Apr 26 17:55:36 +0000 2022,-80.3533325,25.772288,@ThePerpPolymath Why do I think ‚Äúliteral‚Äù should have been the first descriptor?
1519012333909118981,Zenoxx69,Tue Apr 26 17:55:36 +0000 2022,-97.56446392,35.33246095,"I'm up (@ Cascata Lakes in Oklahoma City, OK) https://t.co/HrGcDQIAyL"
1519012333967736832,ozkr_scar,Tue Apr 26 17:55:36 +0000 2022,-116.97632,32.5053514,"The best way to enjoy nature! #naturist #beautifulview #earthdayeveryday @ Cerro El Coronel, Playas De Rosarito https://t.co/1WXlHEuaLv"
1519012334248730624,Coyote_Careers,Tue Apr 26 17:55:37 +0000 2022,-82.9987942,39.9611755,At the core of our services and solutions are our people. That‚Äôs why Coyote Logistics is committed to offering a be‚Ä¶ https://t.co/stYRbNu5c6
1519012334571819008,earthshook,Tue Apr 26 17:55:37 +0000 2022,-120.142,39.3263333,"Md 2.74 earthquake (reviewed) occured at 2022-04-26T13:51:05 UTC, 4km E of Truckee, CA https://t.co/Mql85PQA3O"
1519012334785630208,tmj_MNS_sales,Tue Apr 26 17:55:37 +0000 2022,-93.3908348,45.1587527,"We're hiring! Click to apply: Assistant Store Manager- AT&amp;T - https://t.co/xgxwyCGIqO #AssistantManager #Champlin, MN"
1519012335217696768,gantmaniac,Tue Apr 26 17:55:37 +0000 2022,-93.2024385,44.746673,@RandBall thank you for the column this morning. As someone who thinks maybe they have grown up (or aged) enough to‚Ä¶ https://t.co/TeyEQ8PMGX
1519012335431688192,imsowitit901,Tue Apr 26 17:55:37 +0000 2022,-86.791549,36.200008,I did that shit the other day too
1519012335804985344,Hotboywes1017,Tue Apr 26 17:55:37 +0000 2022,-84.35244449999999,33.943456999999995,My slow ass
1519012335892918272,tmj_ILS_retail,Tue Apr 26 17:55:37 +0000 2022,-88.9121208,39.8938845,"Career tip for landing jobs like ""ASST STORE MGR in DECATUR, IL S15856"" in #Decatur, IL. Go on informational interv‚Ä¶ https://t.co/sWkdEEXsOp"
1519012336194916352,tmj_RI_facmgmt,Tue Apr 26 17:55:37 +0000 2022,-71.4778902,41.9933953,"Click the link in our bio to see currently open #FacilitiesMgmt jobs like ""Building Management Systems Specialist""‚Ä¶ https://t.co/osNKjQeZuS"
1519012336501026816,skotea73,Tue Apr 26 17:55:37 +0000 2022,-118.130426,33.9376735,@ArtValley818_ Both aspiring black people
1519012338808107009,kkylizzle5,Tue Apr 26 17:55:38 +0000 2022,-71.4781025,43.5436675,He‚Äôs j like me
1519012337159712769,muskegraven,Tue Apr 26 17:55:37 +0000 2022,-79.2725695,43.629311,‚ú®$5 SHIPPING TODAY ONLY‚ú® Trying to sell the last of these earrings ‚Äî shipping cost is $5 (+$1/pair) Buy today to‚Ä¶ https://t.co/moN96O8gTf
1519012339005243392,andresoriano,Tue Apr 26 17:55:38 +0000 2022,-77.26026350000001,38.681794,"A True American Patriot! Vote for Matthew Chappell, A True American, For God, Family, Friends, Country, Our Communi‚Ä¶ https://t.co/bi1XNu471S"
1519012338359324672,Shane_Clements,Tue Apr 26 17:55:38 +0000 2022,-85.1939275,34.2667455,Coffeeshop Portraits with a Mobile Phone and Natural Light https://t.co/sehf3M90QD
1519012340301189123,TheGovSchl,Tue Apr 26 17:55:38 +0000 2022,-76.29055,36.84942,Spirit week at GSA! @ The Governor's School for the Arts https://t.co/YuDvZHcZd6
1519012340481638400,JeremyinAkron,Tue Apr 26 17:55:38 +0000 2022,-81.5167515,41.0808775,@dadalac Competitive for years to come. If you have the QB you always have a chance
1519012341823815682,kheilawayla,Tue Apr 26 17:55:38 +0000 2022,-80.20726300000001,25.944446499999998,my MOTHER having motion like a tight end ! my good girl different &lt;3
1519012341962092544,shindoverse,Tue Apr 26 17:55:38 +0000 2022,-117.104989,32.810012,"All the while declaring their faith is strong, they go after people and seek to erase them. But I do think an actua‚Ä¶ https://t.co/2KlnIiLs91"
1519012342968856576,Leftyblueeyes1,Tue Apr 26 17:55:39 +0000 2022,-82.431309,35.603866,@TimmyTate66 @angelacrazygirl Totally! She is an üòáüôè!
1519012343308500992,cowbroker,Tue Apr 26 17:55:39 +0000 2022,-99.6809025,41.500729500000006,"@LeavenworthSt Eh I think this is wrong tree to bark up, just too out there‚Ä¶now Geist‚Äôs comments and ‚Äúvictim‚Äôs fund‚Ä¶ https://t.co/LnADGVe5CG"
1519012343543635968,RobbiFirestone,Tue Apr 26 17:55:39 +0000 2022,-97.079654,32.931834,Oh how sweet it was‚Ä¶. üëÖ
1519012344516550659,LamarMcKnight_,Tue Apr 26 17:55:39 +0000 2022,-80.2333285,25.7823535,COACHES! I know those camp dates are finalized. If you have my contact please send info to me immediately and I w‚Ä¶ https://t.co/xEMgKaZw6Q
1519012345082781696,Myst666Cierra,Tue Apr 26 17:55:39 +0000 2022,-76.62048200000001,39.284712999999996,I luv wen my girl feeds me McDonald fries with her toes üôè
1519012345615429640,dennis_reichel,Tue Apr 26 17:55:39 +0000 2022,-80.075358,26.7886775,@torstrick @nathaliejacoby1 Only two of them were what might be considered fringe or aggressive. I'm sure the others were voluntary.
1519012346391322625,actuallynelson,Tue Apr 26 17:55:39 +0000 2022,-73.9487755,40.655138,does it ever drive you crazy just how fast the night changes? https://t.co/3YrzKohJ98
1519012346965995520,dylanhenning,Tue Apr 26 17:55:40 +0000 2022,-84.581599,39.2458695,@GameOverGreggy @Skybound @DaveFennoy @Melyhutch @RobertKirkman @ItsMeNickHerman @gavinhammon @dennis_lenart‚Ä¶ https://t.co/BMMBQ8sRML
1519012348333154304,mikeerik,Tue Apr 26 17:55:40 +0000 2022,-117.824049,33.810159,@tedcruz You actually said this with a straight face üò≥
1519012349000261633,anaben_to,Tue Apr 26 17:55:40 +0000 2022,-79.2725695,43.629311,"All the pressure, assumptions, hatred, unsolicited comments and 2 cents, past hurt, bulls**t, negative vibes sent i‚Ä¶ https://t.co/J13T3mxohH"
1519012349784457216,Alkapone47,Tue Apr 26 17:55:40 +0000 2022,-122.044814,37.592158999999995,@jandro0o Nigga I'm asking a legitimate question for engagement lol https://t.co/soN78bVKVY
1519012349193162759,Grizz_Lead,Tue Apr 26 17:55:40 +0000 2022,-89.92202900000001,35.1335205,We really enjoyed hanging out with other Grizzlies fans this morning.
1519012351047094273,chrisdell98,Tue Apr 26 17:55:41 +0000 2022,-73.823553,40.953903,What an experience it was. üî•
1519012351432794112,l0vely_heartss,Tue Apr 26 17:55:41 +0000 2022,-111.7375655,33.4057545,@_windblumeode @xairawrig Slay what you wanna slay and let the slay slout slay soul sister slay my sister mister
1519012351512506369,mbrinkerhoff,Tue Apr 26 17:55:41 +0000 2022,-118.3512175,33.8337145,üßô doesn‚Äôt have social media so asked me to post this letter on his behalf. xx https://t.co/De2plLD67x
1519012351894122496,drink_city,Tue Apr 26 17:55:41 +0000 2022,-115.135165,36.0609645,@penguinbar67 @DaodeSpam @lincolnwrites It was the Lobby Bar. In the Encore which seems like a pretty fancy casino.‚Ä¶ https://t.co/0lZLR9hCPB
1519012352301150208,LILLIANGRANT11,Tue Apr 26 17:55:41 +0000 2022,-82.095304,33.526322,"Oh, my!"
1519012352493899776,mailperson,Tue Apr 26 17:55:41 +0000 2022,-119.30660750000001,37.2691755,@RadioFreeTom @SenRandPaul Rand needs to stop styling his hair with raw sewage
1519012351701401600,SFBluestocking,Tue Apr 26 17:55:41 +0000 2022,-84.2683405,39.182743,This Scarlet is too cute. https://t.co/55VX8cL0gt
1519012352858992646,TheCaptain1999,Tue Apr 26 17:55:41 +0000 2022,-79.85736349999999,36.090396999999996,@lauren4thewin92 Lordy.
1519012353173504003,PhillyPartTwo,Tue Apr 26 17:55:41 +0000 2022,-75.117998,40.0048655,"Never forget: The entire reason #policeunions exist is to make sure police officers never ""face consequences"".‚Ä¶ https://t.co/BmCBmPZFw3"
1519012353525747712,EricLiptz,Tue Apr 26 17:55:41 +0000 2022,-147.67866149999998,64.8380855,My bones are up it's the delivery system had decay or something. The surgery is being scheduled out. https://t.co/REFcqyNUga
1519012354306068481,andycollins10,Tue Apr 26 17:55:41 +0000 2022,-100.0768885,31.1688935,They continue to break laws and flout it! There must be consequences!
1519012354964353025,Marrsszs,Tue Apr 26 17:55:41 +0000 2022,-119.02516299999999,35.3469015,Runaway
1519012355149025282,DaRealJJBans,Tue Apr 26 17:55:42 +0000 2022,-78.487448,38.0400365,Helped organize my life before you it was a crash site. Could see my future wit you cuz I met you in the past life‚Ä¶
1519012355404750849,jesauls13,Tue Apr 26 17:55:42 +0000 2022,-122.2317885,47.9599495,@libsoftiktok Can we settle this with a @ufc cage fight? @joerogan can call the play by play as you whoop some booty!
1519012355983560705,scottaweiss,Tue Apr 26 17:55:42 +0000 2022,-122.149768,47.5978565,Imagine being so successful as an author that you have to use a pen name just to prove to yourself you‚Äôre still good at the trade.
1519012357355229187,SmeatTheMilf,Tue Apr 26 17:55:42 +0000 2022,-82.44269399999999,27.9965945,Why I think my cousin done got stuck in Canada üò≠üò≠ cause ain‚Äôt no way he still over there rn with his black ass
1519012357497782272,cathylemons,Tue Apr 26 17:55:42 +0000 2022,-122.4359785,37.7706565,@SenWarren Well where is that legislation?
1519012358470914049,tatiannaaelisee,Tue Apr 26 17:55:42 +0000 2022,-96.87995749999999,32.924548,I gave myself a natural BBL by hitting the weights hard consistently. And just 2 years ago I was saying how I wanted to get a fat transfer
1519012359209201665,joe_jg928,Tue Apr 26 17:55:42 +0000 2022,-83.804475,27.698681999999998,#MTPDaily Seems #WeThePeople need our own Public Media that regulates deceit out to protect Voters from being misle‚Ä¶ https://t.co/zIwo8SsFW6
1519012359729201153,JETERGOTJUICE,Tue Apr 26 17:55:43 +0000 2022,-76.36227600000001,37.0508965,@jet__li Don‚Äôt make me come shoot that bitch up lol
1519012360001925127,John69840219,Tue Apr 26 17:55:43 +0000 2022,-86.1429225,39.7795625,"@PatMcAfeeShow @Bcarp3 Maybe Raiders,  if they trade waller"
1519012358466596864,edgegeo,Tue Apr 26 17:55:42 +0000 2022,-123.070225,49.3156065,My late dad @LeonardHGeorge and I ‚ù§Ô∏è ‚Äî he dedicated his whole life to bettering our people @tsleilwaututh https://t.co/KFeIyZP4nh
1519012360601624578,donniew031971,Tue Apr 26 17:55:43 +0000 2022,-96.835249,33.1501395,I heard that bev
1519012360677117958,TotalTrafficELP,Tue Apr 26 17:55:43 +0000 2022,-106.4422,31.77761,Connecting roadway closed in #ElPaso on US-54(Patriot Fwy) NB at I-10/(US 180). Reported by DOT #traffic https://t.co/nZ2qPHc0XJ
1519012360664625159,TotalTrafficSEA,Tue Apr 26 17:55:43 +0000 2022,-122.6097,47.85155,Bridge Closed for Marine Traffic in #HoodCanalBrg on WA-104 WB from Hwy 3 to Shine Road #traffic https://t.co/12UyGMOG9h
1519012360958189572,joe_jg928,Tue Apr 26 17:55:43 +0000 2022,-83.804475,27.698681999999998,"enough people in America &amp; Globally... How else can #WeThePeople get on the same page as One People, One Vision, On‚Ä¶ https://t.co/aNSZJWV84y"
1519012360370982916,goaheadanddie82,Tue Apr 26 17:55:43 +0000 2022,-83.1860565,42.170291500000005,Sic bub bill yuM #goodlickemup #TalesfloodthearkslY https://t.co/ru2IXgOxC7
1519012360945606664,TotalTrafficABQ,Tue Apr 26 17:55:43 +0000 2022,-106.5504,35.06491,Closed due to road construction in #KirtlandAirForceBase on Wyoming Blvd Both NB/SB between Club Rd and San Joaquin‚Ä¶ https://t.co/jMKTjkDt8n
1519012361117515787,TotalTrafficCMH,Tue Apr 26 17:55:43 +0000 2022,-82.99278,40.08493,Police activity in #Columbus on North Mdws Boulevard north of N Mdws Ct. Reported by Police #traffic https://t.co/hylMo0WgFI
1519012361427902468,TotalTrafficOKC,Tue Apr 26 17:55:43 +0000 2022,-97.51228,35.4932,"Accident cleared in #NEOKC on NW 23rd St EB at I-235, stop and go traffic back to Oklahoma Ave #OKCtraffic https://t.co/5PW2Tg7Vzy"
1519012361960574977,trucker_Bills,Tue Apr 26 17:55:43 +0000 2022,-86.27053950000001,45.001180000000005,@MyFuckableWife My kind of woman
1519012362317180930,nitrodanielle,Tue Apr 26 17:55:43 +0000 2022,-86.441236,39.766555499999996,@Venzi5Ventura About what our weather will be.
1519012361868390400,StellaB757,Tue Apr 26 17:55:43 +0000 2022,-96.7617535,32.819858499999995,@rihanna please vote and retweet in support of UPS first all female maintenance team competing now in Dallas https://t.co/gXS4uaxsbc
1519012361645998080,RoryDiamond,Tue Apr 26 17:55:43 +0000 2022,-83.804475,27.698681999999998,The @k9sforwarriors Mega-Kennel is almost there! Ribbon-cutting next month! https://t.co/CitsT3cDRr
1519012363143319552,As_Fan_Radio,Tue Apr 26 17:55:43 +0000 2022,-122.2286855,37.791994,Don't know why @DamonBruce continues w/ his fake outrage towards the @Athletics when he should be more focused on w‚Ä¶ https://t.co/sn20EQjYZ8
1519012363319480325,toya9980,Tue Apr 26 17:55:43 +0000 2022,-118.4119065,34.0207895,"PSA: You are not here just to work and be productive. You are here to sing, laugh, dance, and be happy. You are her‚Ä¶ https://t.co/cm9B3OisSR"
1519012363390836736,TotalTrafficSEA,Tue Apr 26 17:55:43 +0000 2022,-122.6393,47.86769,Bridge Closed for Marine Traffic in #HoodCanal on WA-104 EB from Shine Road to Hwy 3 #traffic https://t.co/12UyGMOG9h
1519012363722125312,GesusKriest,Tue Apr 26 17:55:44 +0000 2022,-101.4423685,32.24493,Please lord. Let this happen.
1519012364066037760,rankinacameron,Tue Apr 26 17:55:44 +0000 2022,-123.123581,49.257639,"@AngelaSterritt I can still make his mom blush anytime I like, she‚Äôs a good friend"
1519012365274161155,nejeffries,Tue Apr 26 17:55:44 +0000 2022,-77.60468399999999,41.1179365,@docthewondercat @EWFIII Obviously Sam never read Nancy Drew
1519012365492121600,ChristineTatum,Tue Apr 26 17:55:44 +0000 2022,-104.976767,39.534793500000006,Leave #Twitter now?! Are you KIDDING?! When full access is restored to the people who have been censored and margin‚Ä¶ https://t.co/eepxPou0il
1519012366901465089,SOTAwatch,Tue Apr 26 17:55:44 +0000 2022,-105.4678,40.1957,"17:55 N1SMB (AL) on W0C/FR-061 (Taylor Mountain, 2784m, 4 pts) 10.1110 CW: [RBNHole] at N6WIN 18 WPM 9 dB SNR [RBNHOLE]"
1519012367367122946,tinkpixie131,Tue Apr 26 17:55:44 +0000 2022,-81.40234699999999,28.299370500000002,Today I am reminded that hard work really does pay off ‚Ä¶ $
1519012367224385536,whysopod,Tue Apr 26 17:55:44 +0000 2022,-122.630908,45.536402,I‚Äôll be dropping beats @MayflyPdx this evening! 6-8pm! Come through!! ‚úåüèªüçª‚úåüèª https://t.co/2kDBmHYXeK
1519012369065721856,neuerfc,Tue Apr 26 17:55:45 +0000 2022,-73.9685415,40.780709,Y‚Äôall know who I‚Äôm rooting for and I won‚Äôt tweet it bc y‚Äôall will drag me through the mud even tho it‚Äôs the club I‚Ä¶ https://t.co/rLe2TjN0NU
1519012368755441664,MrsBeatrixVee,Tue Apr 26 17:55:45 +0000 2022,-97.079654,32.931834,My favorite love letters come from indeed. üôÑ#Recruiters #RecruiterLoveLetters It takes 30 seconds to check that my‚Ä¶ https://t.co/krtCi8Qi0D
1519012369610862592,JustDanceAlex,Tue Apr 26 17:55:45 +0000 2022,-122.3306025,47.614817,@Braccs @Braccs would be great for the city to give some sort of tax break to small businesses that shutdown during‚Ä¶ https://t.co/FgKVkAIlZ7
1519012369673904128,jndevereux,Tue Apr 26 17:55:45 +0000 2022,-97.754724,30.323345500000002,Austin FC fans make fun of other clubs‚Äô low turnouts sometimes but really we should want every game to be a sellout‚Ä¶ https://t.co/Bd9kFtbYcG
1519012370521100288,shesoprecious2,Tue Apr 26 17:55:45 +0000 2022,-86.1429225,39.7795625,i could eat mexican all week honestly
1519012370806312960,Bravesfan1313,Tue Apr 26 17:55:45 +0000 2022,-106.4174305,31.793368,@mini00sta @DrStrangeUpdate Looks like Christine palmer
1519012371951407104,Touchelikesbeef,Tue Apr 26 17:55:46 +0000 2022,-87.732013,41.8335845,Never give up on your dreams bbs. https://t.co/us3gVZxYUY
1519012373205557255,ricanredrum,Tue Apr 26 17:55:46 +0000 2022,-78.76463150000001,43.009116500000005,@_IsaiahMcKenzie Taco Beer Community 6449 Transit Rd East Amherst got it
1519012374094647296,Crazie_Dad,Tue Apr 26 17:55:46 +0000 2022,-117.0508735,34.040645,@BFSMan45 @Nguyen_anime3 You actually believe that
1519012374874923008,Glitchy_Milk,Tue Apr 26 17:55:46 +0000 2022,-81.40234699999999,28.299370500000002,@Starbucks Release a new drink or something lol
1519012375357186049,ERodriguez_TV,Tue Apr 26 17:55:46 +0000 2022,-75.117998,40.0048655,KD‚Äôs take on Chuck on IG is just a bad take
1519012375675871232,MiccThirsty,Tue Apr 26 17:55:46 +0000 2022,-118.4119065,34.0207895,Who the fudge is Freddy üòÇüòÇ
1519012375625568257,SunstateJobs,Tue Apr 26 17:55:46 +0000 2022,-114.9817213,36.0395247,"We are currently in search of a new Semi Driver in #Henderson, NV. If company culture is important to you then chec‚Ä¶ https://t.co/TKdzHXoLhp"
1519012375814356992,moveebuff1953,Tue Apr 26 17:55:46 +0000 2022,-79.2725695,43.629311,What drugs is she taking? Is she forgetting that #RussiaInvadedUkraine ?STFU ü§¨
1519012376061702144,tmj_OR_finance,Tue Apr 26 17:55:46 +0000 2022,-122.6757228,45.5220648,"We're hiring in #Portland, OR! Click the link in our bio to apply to this job and more: Senior Financial Analyst - REMOTE at Ryder #Finance"
1519012375956963329,Dcollier74,Tue Apr 26 17:55:46 +0000 2022,-89.88769099999999,35.3184095,This is a choice
1519012376313430016,tmj_MOJ_skltrd,Tue Apr 26 17:55:47 +0000 2022,-94.6754274,39.2810821,"Interested in a job in Kansas City, MO? This could be a great fit: https://t.co/pkqj8B09zQ #AutoMechanic #DieselMechanic"
1519012376716087296,tmj_sea_util,Tue Apr 26 17:55:47 +0000 2022,-122.2081419,47.4942738,"Want to work in #Renton, WA? View our latest opening: LINK CUSTOM HASHTAGS https://t.co/5cgSq9u0pb #cintasjobs"
1519012376644931585,ROZEPOP,Tue Apr 26 17:55:47 +0000 2022,-75.77004099999999,42.746617,"I'm a gatekeeper and I will say I'm tired of straight men and women using ""unlabeled"" to profit off of the queer co‚Ä¶ https://t.co/UzxiKipXTj"
1519012377110487040,PeterHotez,Tue Apr 26 17:55:47 +0000 2022,-95.44648649999999,29.838495,"US public funds that went into our @TexasChildrens recomb Covid vaccine technology for global health: around $400,0‚Ä¶ https://t.co/PrZ3mOGHIW"
1519012377345241088,tmj_AZ_pharm,Tue Apr 26 17:55:47 +0000 2022,-112.3733946,33.6597206,"This job is now open at Banner Health in #SunCityWest, AZ. Follow us and turn on mobile alerts to hear about jobs l‚Ä¶ https://t.co/YB15i1eAy6"
1519012378020442112,Angel_559_,Tue Apr 26 17:55:47 +0000 2022,-119.539514,36.6122875,@EPrisby @RexChapman @JoeAtWork87 6'4 Qb about right.
1519012376774725632,_CassieSoto,Tue Apr 26 17:55:47 +0000 2022,-115.135165,36.0609645,Live from the magenta carpet! #NFLDraft2022 #vegas https://t.co/Cs5CQX3B64
1519012377991290880,smaruex,Tue Apr 26 17:55:47 +0000 2022,-98.716992,35.3090465,i miss second grade so much. just heard a girl tell her friends ‚Äúguys i have an idea. let‚Äôs all hold hands and role down the hill‚Äù
1519012378024763399,jennifermcfarl4,Tue Apr 26 17:55:47 +0000 2022,-100.0768885,31.1688935,@DJTTracker Google Talcum X
1519012378213421057,The80sMoviePod,Tue Apr 26 17:55:47 +0000 2022,-118.1567105,33.809171500000005,"@_Dan_Delgado You‚Äôd think a Mets fan would be getting more traction this year. Not mocking you, for the record. S‚Ä¶ https://t.co/sx13W5BM9b"
1519012378867773440,gu1_sonia,Tue Apr 26 17:55:47 +0000 2022,-112.12467649999999,33.5528625,@l_oureal blocked  me  please üôÇ
1519012379081641987,thetimkelly,Tue Apr 26 17:55:47 +0000 2022,-122.455344,47.242960499999995,@joe_manniello The best cookie in the world! We lack options for them out in the Pacific Northwest.
1519012378976960513,bigbeatnik,Tue Apr 26 17:55:47 +0000 2022,-87.971136,43.753679,@RpsAgainstTrump Because I consider myself a moderate independent and Trump and his spineless sycophants have soure‚Ä¶ https://t.co/Hix472Fjr3
1519012378490417152,ChattahoocheeJB,Tue Apr 26 17:55:47 +0000 2022,-83.1738665,32.6782075,@ArtValley818_ If she'd only had booster 10.
1519012379668926464,manofvalor88,Tue Apr 26 17:55:47 +0000 2022,-79.2725695,43.629311,@cindytrimm Amen to that üôèüèæ üôå
1519012378825867267,NFLDraftGuru315,Tue Apr 26 17:55:47 +0000 2022,-75.22698600000001,43.119679500000004,@CardPurchaser Anyone interested at Donald for $175? https://t.co/UBhiXp3Epl
1519012380025491457,TheCaptain1999,Tue Apr 26 17:55:47 +0000 2022,-79.85736349999999,36.090396999999996,@stefj90 Hopefully.
1519012380449153027,savypiner,Tue Apr 26 17:55:48 +0000 2022,-90.1786295,30.001244,HOUSE OFFER HAS BEEN ACCEPTED!!!!! Officially a homeownerü•∞ü•π
1519012380679843840,StrandTheatreOH,Tue Apr 26 17:55:48 +0000 2022,-83.0666113,40.2998868,The Bad Guys  https://t.co/QAeSIaRRre
1519012380709048321,fluteplay,Tue Apr 26 17:55:48 +0000 2022,-118.3512175,33.8337145,I dont believe any part of this is ok. Men just ain't men that aren't gentlemen. Single living it I'm not going thr‚Ä¶ https://t.co/aEYQDAFS7S
1519012381929660416,yogurldymond,Tue Apr 26 17:55:48 +0000 2022,-121.30042549999999,37.980826,The way I been having baby fever üò≠üò≠ but I keep telling myself it‚Äôs about to be summerrrr ü§£
1519012382692892673,TooSphexy,Tue Apr 26 17:55:48 +0000 2022,-122.630908,45.536402,How about eight billion of these
1519012382747643905,posedmaloneJRY,Tue Apr 26 17:55:48 +0000 2022,-83.1738665,32.6782075,@drscottkelly @Bullock_B_BGU @ExplosionIwn @BuryTheGimmick You‚Äôre real close to getting muted
1519012384064557057,MariePeoples15,Tue Apr 26 17:55:48 +0000 2022,-72.599963,42.605207,Pierce St Greenfield MA
1519012383594889217,StonedAppetit,Tue Apr 26 17:55:48 +0000 2022,-105.043998,39.772449,Welcome to Glo. The newest restaurant in the Highlands neighborhood. Raw bar &amp; Ramen. Whats not to love?‚Ä¶ https://t.co/TpIcVQQ2pT
1519012384890769408,MZROZRYAN,Tue Apr 26 17:55:49 +0000 2022,-118.4119065,34.0207895,Happy Birthday Flapjack üéäü•≥üéÅü•∞üéâüòÇ. Bubbie loves you‚ô•Ô∏è
1519012385532567553,JadahParadox,Tue Apr 26 17:55:49 +0000 2022,-75.117998,40.0048655,@Retrievals1 Their dad
1519012385155174401,leroy_derricott,Tue Apr 26 17:55:49 +0000 2022,-72.8168025,41.4565815,"It's raining üåß, but have a good day üòä https://t.co/d7UYovIo91"
1519012387139067904,williswatkins,Tue Apr 26 17:55:49 +0000 2022,-86.80608649999999,33.451899999999995,What if @elonmusk paid 44B just to shut down the plane tracker? #boldmovecotton
1519012387747160064,paulbraren,Tue Apr 26 17:55:49 +0000 2022,-72.66277,41.6993245,@TSGates_ @CTOAdvisor @Martin9700 @Tech4Breakfast @aaronbuley @RCantw3ll @Pstansel @polydrops @mattferrell‚Ä¶ https://t.co/D6UZ1ZM2ly
1519012388326060033,MrsGinaC,Tue Apr 26 17:55:49 +0000 2022,-88.3361185,41.690507999999994,@901Lulu I hate being boogery. I‚Äôd rather deal with hiccups than to be snotty.
1519012388850262016,rksimonlaw,Tue Apr 26 17:55:50 +0000 2022,-80.13296249999999,25.816965500000002,@NTSB ‚Ä¶staying home.
1519012389756231681,renminguez,Tue Apr 26 17:55:50 +0000 2022,-80.42818199999999,25.610864499999998,@suicidalslut420 literal insanity
1519012391668748288,alxuniverse,Tue Apr 26 17:55:50 +0000 2022,-111.928142,33.392883999999995,For* -it was!! yay!!
1519012390658088961,OhioAuditor,Tue Apr 26 17:55:50 +0000 2022,-82.985772,39.9946835,The Belmont-Harrison Career Center earned an AOS Award for a clean audit. Keep up the good work!See more award wi‚Ä¶ https://t.co/msVPmfmXzI
1519012391853330432,BeerExpressPGH,Tue Apr 26 17:55:50 +0000 2022,-80.09294057,40.44075618,Now in stock @samueladamsbeer Summer Ale Cans12 &amp; 24 packs @ Beer Express https://t.co/PYwqHfGX6o
1519012392251932673,hillaryb_24,Tue Apr 26 17:55:50 +0000 2022,-105.030155,39.789445,Jose Cuervo for breakfast ü§≠ü§≠
1519012392897757184,1ukenessmonster,Tue Apr 26 17:55:51 +0000 2022,-79.78030799999999,34.182661499999995,"The greatest trade deal in history was when I traded my sins, my brokenness, and my heart to receive forgiveness,‚Ä¶ https://t.co/oI6lgbkQGf"
1519012394218909696,theybelikefaith,Tue Apr 26 17:55:51 +0000 2022,-118.4119065,34.0207895,@AlaneTiller @holyawkwardness @Buncahn Then what are they cleaners for if they not finna automatically clean ?  We‚Ä¶ https://t.co/xYxrDOOOeg
1519012394382630915,graubart,Tue Apr 26 17:55:51 +0000 2022,-73.85685799999999,41.035301000000004,More than half the US population has had Covid.https://t.co/jTUta0Bjpp https://t.co/dcZJtluMcJ
1519012394990653441,blacksuperman79,Tue Apr 26 17:55:51 +0000 2022,-80.75855807,41.21414233,"Enjoying Manhattan Clam Chowder and Salt üßÇ and Vinegar Chips for lunch @ Alorica - Niles, OH Virtual https://t.co/4EJNL1dAOd"
1519012395372400647,DewZanu19,Tue Apr 26 17:55:51 +0000 2022,-96.29164850000001,30.585471499999997,It must be a bones day
1519012396106407937,THE_Obeast69,Tue Apr 26 17:55:51 +0000 2022,-85.1700515,41.086917,@ZachKeilman Thanks man! Appreciate it
1519012396202971136,MirandasRandom,Tue Apr 26 17:55:51 +0000 2022,-76.84886449999999,38.9265495,I need to watch this
1519012397360451584,trinityaliciaa,Tue Apr 26 17:55:52 +0000 2022,-117.104989,32.810012,@amanda_orozco oops
1519012397616406535,B_DOG94,Tue Apr 26 17:55:52 +0000 2022,-75.3067705,39.937821,"Just beyond frustrated lately, wish I had a relationship, don‚Äôt get to see friends during free time it sucks and ho‚Ä¶ https://t.co/tsmlIVQBuO"
1519012397721260034,knifexparty,Tue Apr 26 17:55:52 +0000 2022,-95.44648649999999,29.838495,@jaidenak_ that dress looks so good on you ü•∫üíò
1519012398090252288,ifskateco,Tue Apr 26 17:55:52 +0000 2022,-118.11307550000001,33.8446495,@berrics @elonmusk it is the little mic logo on the bottom of twitter home page   click that then click the mic ico‚Ä¶ https://t.co/Fc3d25q6lZ
1519012399734575105,MSCTHUNDA_428,Tue Apr 26 17:55:52 +0000 2022,-86.1429225,39.7795625,@Pastor__West Amenüôèüèæüôåüèæ
1519012400179077121,MKumaus,Tue Apr 26 17:55:52 +0000 2022,-95.44648649999999,29.838495,"@libsoftiktok I have a feeling that ""not happy"" is the default setting of anyone who has the misfortune of being re‚Ä¶ https://t.co/41hZjbViMv"
1519012400808140800,TYeung153,Tue Apr 26 17:55:52 +0000 2022,-122.3673775,37.5861125,@blkwdxvx Good promo of new merch if you do üòÇ
1519012402657955845,msmzrhltn,Tue Apr 26 17:55:53 +0000 2022,-73.9685415,40.780709,"@MissKurrah Agreed, it‚Äôs a very imperfect show (like the original writing not the production) and would love to hav‚Ä¶ https://t.co/IE9YlizepS"
1519012403144392705,iamHBY,Tue Apr 26 17:55:53 +0000 2022,-118.4119065,34.0207895,That sounds good.
1519012403559735300,HirtleKellie,Tue Apr 26 17:55:53 +0000 2022,-69.70787849999999,44.5418595,"@erikajayne I've been wanting to say something to you. Ever since this all came out, you act like your from the hoo‚Ä¶ https://t.co/mJbhjWzxKX"
1519012403840757762,BobFuton,Tue Apr 26 17:55:53 +0000 2022,-78.8339105,35.833840499999994,@frenchdipset Russillo said he had Tatum 1 at the time.
1519012404008525824,GrindLifeATL,Tue Apr 26 17:55:53 +0000 2022,-84.3889,33.7566,"Just posted a photo @ Atlanta, Georgia https://t.co/pVYcZ7DiaZ"
1519012404616568832,SuperMcfagbag,Tue Apr 26 17:55:53 +0000 2022,-122.630908,45.536402,@TuckFFAK Nothing about that sound strange at all. People are weirdos
1519012405405270016,ChesterThrash,Tue Apr 26 17:55:53 +0000 2022,-84.12952316,34.19152238,"I'm at @GoldenCorral in Cumming, GA https://t.co/zziFvMA6x6"
1519012405149417472,acec_sa,Tue Apr 26 17:55:53 +0000 2022,-98.568322,29.378409,"State of the best City in the country. Thanks for your leadership, @Ron_Nirenberg. @sachamber https://t.co/nEvsCRV33R"
1519012407628214273,DvsBlack,Tue Apr 26 17:55:54 +0000 2022,-82.809551,40.083204,@cdntradegrljenn I‚Äôm selling Tesla sticks buckle up! ü§∑üèº‚Äç‚ôÄÔ∏è
1519012408378994689,BraveandFiesty,Tue Apr 26 17:55:54 +0000 2022,-86.611411,34.7060265,@paigegyn Shes a Psycho
1519012408433549312,ChocolateMilf,Tue Apr 26 17:55:54 +0000 2022,-95.508925,29.574284499999997,Do you remember when you joined Twitter? I do! #MyTwitterAnniversary https://t.co/noVEpzDNBm
1519012410299875328,mandrews93DFS,Tue Apr 26 17:55:55 +0000 2022,-117.104989,32.810012,"Is it possible to parlay player props and run totals without the SGP feature? If so, DO THAT."
1519012410484477952,mizzflute,Tue Apr 26 17:55:55 +0000 2022,-86.791549,36.200008,"@michaeldamian1 Happy Happy Birthday, Michael!!! üéâMy life is so much better because you were born, and I‚Äôm so gra‚Ä¶ https://t.co/AUB9UDhceb"
1519012411398885379,ospunx,Tue Apr 26 17:55:55 +0000 2022,-106.4174305,31.793368,@meghanttucker Very very cute
1519012411684048896,Christi58089401,Tue Apr 26 17:55:55 +0000 2022,-79.861034,35.1704985,@JadahParadox Could you get a restraining order
1519012412137033730,Natepatsfan,Tue Apr 26 17:55:55 +0000 2022,-71.4782725,41.5773585,@AmericanaMama_ Just keep running they won‚Äôt run for long
1519012412560658433,quitnomore01,Tue Apr 26 17:55:55 +0000 2022,-110.00325000000001,40.2941725,@LifeLibertyEvan They will all go cry for a couple weeks Then come back and say the fight is here on twitter. It‚Ä¶ https://t.co/Rjr3FejEal
1519012412845928448,JMALTHOFF,Tue Apr 26 17:55:55 +0000 2022,-93.478628,45.0256585,@MLB @MiguelCabrera @tigers That an amazing chart showing great power and the ability to take a pitch wherever it is thrown.
1519012412896206849,leslieOmarix,Tue Apr 26 17:55:55 +0000 2022,-74.0245075,40.7905115,Baby boy really It faaaa meü•∞üòç
1519012413181501441,MEADOWSofCranT,Tue Apr 26 17:55:55 +0000 2022,-80.11745871,40.75388851,Hot Fudge Sundae#hotfudgesundae #frozencustard #hotfudge #meadowsfrozencustard @ The Meadows Frozen Custard of Cr‚Ä¶ https://t.co/MUGkgjpxTW
1519012413634486272,GivenFunday,Tue Apr 26 17:55:55 +0000 2022,-73.825288,42.7466125,Is it time? üì∏: Charles Wenzelberg (New York Post) https://t.co/hJdF2ygvLX
1519012414330748928,StevenGBMusic,Tue Apr 26 17:55:56 +0000 2022,-116.2387754,33.68228761,Just posted a photo @ Coachella Valley Music and Arts Festival 2022 https://t.co/j5hqH2Vq9R
1519012414955601920,gpejlc123,Tue Apr 26 17:55:56 +0000 2022,-95.44648649999999,29.838495,Throw Abbott out of office Vote BETO for better Democratic Government.
1519012414385176579,cshannonmc,Tue Apr 26 17:55:56 +0000 2022,-77.0143985,38.898602999999994,Feels good to feel ‚Äúnormal‚Äù for a minute.  ‚òÄÔ∏è https://t.co/gw0vvnXtaa
1519012415483965440,v_to_the_p,Tue Apr 26 17:55:56 +0000 2022,-117.104989,32.810012,Was just ‚Äúrandomly‚Äù selected again which seems to happen with increasing frequency
1519012416042024960,tori_goggin,Tue Apr 26 17:55:56 +0000 2022,-73.554097,41.0983345,"@ChrisJGoodin Awesome, thank you so much! Finishing up the changes from my editor and hoping it‚Äôll be done by end o‚Ä¶ https://t.co/0QuGV8dFLP"
1519012416075481089,smfox,Tue Apr 26 17:55:56 +0000 2022,-73.9487755,40.655138,"@heidivanderlee @Gonzalez4NY Not just a great shirt, but this spring‚Äôs COOLEST shirt"
1519012416478085120,CDReeseUSA,Tue Apr 26 17:55:56 +0000 2022,-117.319094,34.418775499999995,@GerberKawasaki What a suck up‚Ä¶.ü§Æ
1519012416113332224,cookja1991,Tue Apr 26 17:55:56 +0000 2022,-71.265439,41.6785195,Wow @trixiemattel made it to the gay porn meme page https://t.co/PxI4gDyDFv
1519012416545243138,AESTIGE,Tue Apr 26 17:55:56 +0000 2022,-85.0144725,41.6287,5 minutes. #ow2 https://t.co/r5LJS6uU45
1519012417342115841,tmj_cae_sales,Tue Apr 26 17:55:56 +0000 2022,-81.0348144,34.0007104,"Interested in a job in #Columbia, SC? This could be a great fit. Click the link in our bio to apply: Specialist at RNDC #Sales"
1519012417321279492,02OTTO_,Tue Apr 26 17:55:56 +0000 2022,-90.1580165,32.230987,üòÇüòÇüòÇüòÇ lmao what ??
1519012417438576640,tmj_ctn_it,Tue Apr 26 17:55:56 +0000 2022,-72.6437022,41.8525984,"Career tip for landing jobs like ""Senior Cloud Microsrvices developer"" in #Windsor, CT. Go on informational intervi‚Ä¶ https://t.co/79SP9RXIK0"
1519012418151665664,allidoismix,Tue Apr 26 17:55:57 +0000 2022,-73.8311875,40.6708795,@MailOnline And China
1519012418604601344,tmj_har_adv,Tue Apr 26 17:55:57 +0000 2022,-72.0790717,41.3497456,"SAIC is hiring in #Groton, CT! Read about our latest #Communications job opening via the link in our bio: Senior Technical Writer"
1519012419195924481,tmj_den_finance,Tue Apr 26 17:55:57 +0000 2022,-104.990251,39.7392358,"Stop staring at the clock every day. It's time for a new career. Follow us to view jobs with titles like ""Financial‚Ä¶ https://t.co/A0oOHuPINU"
1519012419288408066,UncleChrisHDC,Tue Apr 26 17:55:57 +0000 2022,-97.754724,30.323345500000002,@tushartrends @ainulmuzaffar @rithvkim @ravim69 @cinnabar_dust @aashi__02 I'm curious what you know about narcissis‚Ä¶ https://t.co/ZIPTf2K583
1519012420181798915,billiegoldbt,Tue Apr 26 17:55:57 +0000 2022,-84.1772362,39.7354263,BGBT @ UD Near the Amphitheater  https://t.co/9oYiX3oyU3
1519012420320063489,_Giannnnnnna,Tue Apr 26 17:55:57 +0000 2022,-112.01226500000001,33.058496000000005,She came up to me &amp; said she needs a purple princess dress &amp; a purple amulet üòÇüòÇ
1519012421708378112,SomeCrazyChic,Tue Apr 26 17:55:57 +0000 2022,-83.804475,27.698681999999998,Trying something a lil different.ü§îüòá Informative and fkn hilariousü§£. Sub for FREEüëÄü§© and join my Crazy Chic Nationü§§ü§™üíã‚Ä¶ https://t.co/c9IIccmf6u
1519012422014676994,kmoneybags,Tue Apr 26 17:55:57 +0000 2022,-75.37288,40.6108,Sometimes you gotta spin the block on old tattoos you did ü§¶üèøü§∑üèø‚Äç‚ôÇÔ∏è #growth #redemption #heftylefty #inkpusher‚Ä¶ https://t.co/misxSw9vr7
1519012422253641728,tbhogs,Tue Apr 26 17:55:58 +0000 2022,-92.13127399999999,34.7519365,@amy4155 You will think that until you hit your 40s lol
1519012424489316352,valentine1213ts,Tue Apr 26 17:55:58 +0000 2022,-81.3677725,28.501678499999997,@business One day there‚Äôll be a utopia at that time education could be free and if it is good for them but for me i‚Ä¶ https://t.co/dLJdR4e5eo
1519012427131592704,ARTICANNABELLUM,Tue Apr 26 17:55:59 +0000 2022,-123.1224015,44.065621,THE OPERATORS OF THE RESIDENT EVIL INDUSTRIAL COMPLEX ARE SHOEING SIGNS OF MENTAL INCOMPETANCY BY ASKING ME TO BUY THEM THINGS.
1519012427261562880,tlost_,Tue Apr 26 17:55:59 +0000 2022,-118.1567105,33.809171500000005,LETS FUCKING GOOOOOOOOOO
1519012427366600704,telmore61,Tue Apr 26 17:55:59 +0000 2022,-84.1790845,40.285647,@RonBillmery @BallsackSports Fake News !
1519012427962241024,Phil_TBH,Tue Apr 26 17:55:59 +0000 2022,-82.84307,27.854458,MN had bad juju the moment we stepped into Mall of America and we will not be returning https://t.co/Fn2sviVKO9
1519012428675174402,MrsSlimeyouout,Tue Apr 26 17:55:59 +0000 2022,-75.22698600000001,43.119679500000004,I just be wanting to go to Jamaica just to get my hair done. Thats it! üò´ i be feeling so pretty pretty !
1519012429493161986,MarciaArndt2,Tue Apr 26 17:55:59 +0000 2022,-74.946407,40.102243,@NancyCe13252882 @TrueBlueResists @Jessicam6946 And still 10 to 30% will develop Long Haul symptoms including children
1519012431879491584,CaptDinosaur81,Tue Apr 26 17:56:00 +0000 2022,-112.12467649999999,33.5528625,@AmazingAmy316 I brought the Hate out of u ü§£ü§£ https://t.co/etW1OQrrKQ
1519012433356103683,nyclthrman,Tue Apr 26 17:56:00 +0000 2022,-104.949845,39.9054745,Beefy and non beefy. I love all the cuts
1519012433490325511,mikef3825,Tue Apr 26 17:56:00 +0000 2022,-90.1786295,30.001244,@catwoods54 @miracles222 @LivingInThePas5 Ahhhh!!!   I‚Äôve made two mistakes in one day!!! üò¢üî´Thanks Cat!! üòÇü§ùüé∂
1519012431376306181,JosephVVallace,Tue Apr 26 17:56:00 +0000 2022,-117.7823605,33.689732,@gmbluedestiny @bourbonbuddy1 Took years of abuse.  Plus distractions. https://t.co/nKTGnE5MlZ
1519012434274529280,rime_salmi,Tue Apr 26 17:56:00 +0000 2022,-118.48042000000001,34.022688,"@humzoniusZero @browntopink @CryptoStorm__ she is incredible, that‚Äôs some great taste you have hehe"
1519012434840887299,trayfiskart,Tue Apr 26 17:56:01 +0000 2022,-73.9685415,40.780709,"@wildy_martinez @bright_lightart Thank youuu, it‚Äôs been quite a fever dream. Today I‚Äôm cranking out 4, we‚Äôll see ho‚Ä¶ https://t.co/LRaphNxkBq"
1519012435033616384,gerardo6838,Tue Apr 26 17:56:01 +0000 2022,-95.44648649999999,29.838495,Wishing I could go to an Astros game one day every week of the season
1519012434446622722,SFBluestocking,Tue Apr 26 17:56:00 +0000 2022,-84.2683405,39.182743,This week's read: https://t.co/HeFgAPISLE
1519012436015259649,CarolineBranan,Tue Apr 26 17:56:01 +0000 2022,-78.657837,35.8439815,"now that I‚Äôm like genuinely sad, I‚Äôm gonna watch bridgerton yet again and sob"
1519012437013504001,ColeBensinger,Tue Apr 26 17:56:01 +0000 2022,-86.73975,33.481181,Congrats to @Enzo_Martinez90! Man of the Match and POTW. No one worked harder on the pitch Sunday!
1519012437407592449,__kokito_,Tue Apr 26 17:56:01 +0000 2022,-119.3195265,36.319486,I still chuckle at JC portraying himself as a Spaniard and as Jax from SOA
1519012438078861315,CharlesSuddeth,Tue Apr 26 17:56:01 +0000 2022,-85.569222,38.2758905,@Mollyploofkins You gotta die. Starve with honor.
1519012438523396096,Lifeofsimonee_,Tue Apr 26 17:56:01 +0000 2022,-73.554097,41.0983345,Can I mind it with you?
1519012438875639808,WildwoodsLA,Tue Apr 26 17:56:01 +0000 2022,-118.4119065,34.0207895,"A Great @NPR piece to kick off this week's #CityNatureChallenge organized by @NHMLA AND @SoCalAcadSci , read more o‚Ä¶ https://t.co/AiUb0tU6y2"
1519012438754172929,marlee_woodward,Tue Apr 26 17:56:01 +0000 2022,-85.7682405,37.822244,"If I don‚Äôt get back to Tennessee before Sonic gets rid of the fried pickles, I‚Äôm going to be LIVID."
1519012439668494337,stacyballerboy,Tue Apr 26 17:56:02 +0000 2022,-97.326981,27.879162,@david00109388 @KrackinasssKeyy He shoulda popped a perc.
1519012439953756162,ash_gibbsblues,Tue Apr 26 17:56:02 +0000 2022,-93.35919849999999,48.6222835,@reneknottsports @alexiszotos And drive-thru liquor stores üò¨ still blows my mind seeing those in üá∫üá∏üòÇü§∑‚Äç‚ôÇÔ∏è
1519012440247181312,mpauldaniels,Tue Apr 26 17:56:02 +0000 2022,-117.874032,33.617638,"@arram Orange County, CA"
1519012441291739137,Iamasmamahmood,Tue Apr 26 17:56:02 +0000 2022,-79.616073,43.555244,Watched phenomenal #GangubaiKathiawadiOnNetflix  @aliaa08 is terrific film with excellent dialogue ‚Ä¶ despite her de‚Ä¶ https://t.co/bb0xjvP8MT
1519012441899905025,bwanabubba,Tue Apr 26 17:56:02 +0000 2022,-120.5,44.0,Big Game Hunting Oregon.       https://t.co/TL9XZmPEkC @ Oregon https://t.co/rL1L8QDe0W
1519012443673874432,AQueenzView,Tue Apr 26 17:56:03 +0000 2022,-115.223125,36.232915,"@halleberry You don't like pu$$y! *Throws leg ü¶µ on table**YOU don't like THIS pu$$y?!?!!? My brother is gay, you you are.... Classic"
1519012444147838976,Runningactor,Tue Apr 26 17:56:03 +0000 2022,-122.3306025,47.614817,@estrozeneca Good morning!
1519012445703991296,DanHill28240965,Tue Apr 26 17:56:03 +0000 2022,-112.543989,33.43562,"@ButtonLeeNJ @BBCWorld Maybe for the judge, but never for the Donald!!"
1519012447113338880,MikeHardin63,Tue Apr 26 17:56:03 +0000 2022,-83.804475,27.698681999999998,@BobHopeless2021 @LilaGraceRose @elonmusk Then you shouldn't have a problem refuting them on a platform that allows‚Ä¶ https://t.co/SQuZiIY75D
1519012447151132674,TheBananaGiirl,Tue Apr 26 17:56:03 +0000 2022,-81.393653,28.6648035,Nobody : Me : https://t.co/mOxDGSUMaK
1519012447847387142,Amazing75737030,Tue Apr 26 17:56:04 +0000 2022,-94.5592815,39.1000485,@F_vonKamecke Thank for following
1519012448065445889,kenn_thompsonn,Tue Apr 26 17:56:04 +0000 2022,-95.1894685,29.511978,@CBHSGirlsTrack Thank youu ü´∂üèΩü´∂üèΩ
1519012447859920897,AYC1867,Tue Apr 26 17:56:04 +0000 2022,-84.4152393,33.746449,Today! The first 50 registrants will receive a free copy of Dr. Robert Franklin's latest book.Register via the li‚Ä¶ https://t.co/T6ZVumLFqU
1519012448405114880,BisonBrewski,Tue Apr 26 17:56:04 +0000 2022,-71.054857,42.428694,"@mikelarsen55 @ProFootballTalk No, it wasn't a ""trash squad"" he had a solid running game, Lockett &amp; Metcalf as his‚Ä¶ https://t.co/pN7FfYUFxb"
1519012449764188161,adian_es,Tue Apr 26 17:56:04 +0000 2022,-95.44648649999999,29.838495,whew. ready to go home to tackle some more edits.
1519012450158333952,Dirjerrymorka,Tue Apr 26 17:56:04 +0000 2022,-118.4119065,34.0207895,Woke up this morning &amp; realized KD &amp; Kyrie got swept in the first round by the Boston Celtics ü´∂üèæü•∞
1519012450863128576,Shirley_Perez,Tue Apr 26 17:56:04 +0000 2022,-87.883405,42.589265499999996,Is the Elon Musk and Ghislaine Maxwell Photo Real? https://t.co/RHf0ONms4b # via @snopes
1519012451181809666,bullybidness,Tue Apr 26 17:56:04 +0000 2022,-84.433106,33.7671945,Y‚Äôall prefer passionate sex ? Or a beatdown?
1519012451232227328,VgnOccultist,Tue Apr 26 17:56:04 +0000 2022,-117.397616,33.935822,@KYConjurer Love this podcast
1519012452205309952,ShayneLisaa,Tue Apr 26 17:56:05 +0000 2022,-73.9685415,40.780709,@NerdSoup Most anticipated film at Cannes this year?
1519012450330361858,warchesik_cody,Tue Apr 26 17:56:04 +0000 2022,-95.387217,29.498894,Happy Tuesday!Car of the day https://t.co/6ds5YosY1m
1519012452171759618,laSerenissima20,Tue Apr 26 17:56:05 +0000 2022,-77.09089850000001,38.963618499999995,"@nytimes @washingtonpost @CBSNews Yes, why isn't the $2B blood money payment Jared received from the Saudis at leas‚Ä¶ https://t.co/rcDhJxoUu4"
1519012452867969025,RazzVazquez,Tue Apr 26 17:56:05 +0000 2022,-80.3533325,25.772288,@ScottGallatin @ccfingerlakes Yessir! Thank you JESUS&amp;Thank you GOD for my wifeüôèüèº‚òùüèºüëçüèº
1519012453324976128,RKRelentless,Tue Apr 26 17:56:05 +0000 2022,-118.4119065,34.0207895,All my people want more for me not from me.
1519012453769564160,sheplayspoker,Tue Apr 26 17:56:05 +0000 2022,-115.135165,36.0609645,"@MikeHoltzPoker Paradise Road. It‚Äôs open late, midnight I think?"
1519012453987897347,joemoore10,Tue Apr 26 17:56:05 +0000 2022,-83.804475,27.698681999999998,I see all the ‚ÄúMel Kiper‚Äôs‚Äù are out in full force. Draft is 48hrs away.
1519012454667149312,BenitoLugo,Tue Apr 26 17:56:05 +0000 2022,-118.4119065,34.0207895,Thank you!!! üíï
1519012455262957569,DrunkAtdisney,Tue Apr 26 17:56:05 +0000 2022,-81.40234699999999,28.299370500000002,@kchristine @UniversalORL Absolutely üíØ    I love a good CityWalkabout
1519012455954804736,TitusNation,Tue Apr 26 17:56:06 +0000 2022,-118.4119065,34.0207895,Yeah that wasn‚Äôt the made up bullshit imaginary scenario that you invented to justify your worship of guns in the f‚Ä¶ https://t.co/W7CU67TASP
1519012457322319872,caaphs,Tue Apr 26 17:56:06 +0000 2022,-119.17080402,34.21765772,Rosemary bread!! @ Pacifica High School https://t.co/PhVH3UiGBt
1519012457620123649,rdgreen,Tue Apr 26 17:56:06 +0000 2022,-73.9685415,40.780709,"@JackPosobiec I'm not a drama critic, but where I'm from we call that overacting..."
1519012457653669889,Gospurs21,Tue Apr 26 17:56:06 +0000 2022,-97.55274750000001,26.043438000000002,@janieguns Makes sense lol pretty cool tho!
1519012457074806784,CountryDuMonde,Tue Apr 26 17:56:06 +0000 2022,-90.011008,29.982601,"Country Du Monde on NOW on @GimmeCountry and @iHeartRadio Up Next: Heartless Bastards, Tami Neilson, Willie Nels‚Ä¶ https://t.co/ATF3c2UOTx"
1519012458895011840,Sledge805,Tue Apr 26 17:56:06 +0000 2022,-120.62180849999999,35.119918,@DramaKingMatt I know that feeling
1519012459100528640,tmj_RDU_secure,Tue Apr 26 17:56:06 +0000 2022,-78.6381787,35.7795897,"If you're looking for work in Raleigh, NC, check out this Security Officer job via the link in our bio: Hospital Se‚Ä¶ https://t.co/SKv8ejHX2k"
1519012459167858688,CountryDuMonde,Tue Apr 26 17:56:06 +0000 2022,-90.011008,29.982601,Heartless Bastards have an amazing album out now called A Beautiful Life on @ThirtyTigers! Heartless Bastards play‚Ä¶ https://t.co/t1DSOtiZ07
1519012459918819328,tmj_cob_it,Tue Apr 26 17:56:06 +0000 2022,-104.9877597,39.6477653,"We're hiring in #Englewood, CO! Click the link in our bio to apply to this job and more: Product Specialist -Techni‚Ä¶ https://t.co/yq6HB5CgjL"
1519012460124024833,tmj_mo_govern,Tue Apr 26 17:56:07 +0000 2022,-90.2291565,38.5950619,"We're hiring! Click to apply: Geospatial Analyst, St Louis - https://t.co/xSMAo7YVfk #Government #StLouis, MO"
1519012459897524224,tmj_WA_pharm,Tue Apr 26 17:56:06 +0000 2022,-123.8469526,46.9792794,"Want to work in Aberdeen, WA? View our latest opening: https://t.co/pr5Lpq5zET #Pharmacy #Pharmacist"
1519012460417724416,rrrutang,Tue Apr 26 17:56:07 +0000 2022,-106.4174305,31.793368,"@KFOX14 Wow, teachers putting their political beliefs in the classroom. It‚Äôs happening everywhere folks. Ask your k‚Ä¶ https://t.co/q0TxMXDKus"
1519012461332029443,CWBOCA,Tue Apr 26 17:56:07 +0000 2022,-80.134986,26.3739755,@karol Same here.And I'm a biologist!
1519012461134839808,tmj_tuc_edu,Tue Apr 26 17:56:07 +0000 2022,-110.944564,32.160976,"Want to land a job like ""English Teacher (Alta Vista High School) (2021- 2022)"" at Alta Vista High School? Applican‚Ä¶ https://t.co/1aH6CZGPno"
1519012461441171459,therealADWarren,Tue Apr 26 17:56:07 +0000 2022,-85.7682405,37.822244,@unscriptedmike Coulda gave that $11billion to NASA. SLS might be flying now instead being rolled back to the repair shop....
1519012461587976194,HBSabree,Tue Apr 26 17:56:07 +0000 2022,-106.632718,35.1170025,Nigga thought he was Don Draper
1519012462502105088,Pablezy,Tue Apr 26 17:56:07 +0000 2022,-84.1339925,34.008337999999995,@FunksWithIt I want to argue with you on this but I need to know your position on the industries that are typically tipped.
1519012463710253057,SalemKink,Tue Apr 26 17:56:07 +0000 2022,-85.7223455,38.195555,@stormisloane it‚Äôs both digestive infections I had before that were dormant. The mRNA vaccines now are known to cau‚Ä¶ https://t.co/jjjE7kSIst
1519012463533957120,tmj_wa_eng,Tue Apr 26 17:56:07 +0000 2022,-122.3320708,47.6062095,"At Mastercard, we believe that passion fuels Priceless possibilities. If you‚Äôre a change maker committed to tech fo‚Ä¶ https://t.co/B149WkejAj"
1519012464523939840,nealeferguson,Tue Apr 26 17:56:08 +0000 2022,-77.55304799999999,39.101836,"@a_giorgio Yes, it had good GDDM support."
1519012465551581185,Patrici64780422,Tue Apr 26 17:56:08 +0000 2022,-76.1288105,43.052606999999995,@ALBNovelist Laugh. Some stuff you can't make up. Change a few names. I did this using my brother's 1st marriage. I‚Ä¶ https://t.co/JeEtFFYtsh
1519012465610264576,h2bball,Tue Apr 26 17:56:08 +0000 2022,-80.91805,32.2568125,@Bball20212 @WorldExposureWB Coaches consistently say they dont regard them and then almost exclusively recruit off‚Ä¶ https://t.co/81ycBOEyPV
1519012465773711360,ijayt205,Tue Apr 26 17:56:08 +0000 2022,-115.223125,36.232915,@DereckHarmon Happy Birthday üéÇüéàüéÅ https://t.co/bMom1fJK5M
1519012466436489223,_justiicee,Tue Apr 26 17:56:08 +0000 2022,-92.7019445,32.5277255,this freshman 15 gotta goooooo
1519012466709069824,tmj_NAS_writing,Tue Apr 26 17:56:08 +0000 2022,-73.1241488,40.8064187,"Want to work at Ryder? We're hiring in #Ronkonkoma, NY! Click for details: https://t.co/TWjBjkw2Qa #SkilledTrade"
1519012467338272768,shivas_ga07,Tue Apr 26 17:56:08 +0000 2022,-81.381449,31.177709,I'm betting he's spent many a night wondering about that parties he wasn't invited to.
1519012468051357697,KGlikes8645,Tue Apr 26 17:56:08 +0000 2022,-73.8311875,40.6708795,@J97731311 All they accuse is merely projection.
1519012468160356356,BrandonCortesTV,Tue Apr 26 17:56:08 +0000 2022,-81.3417295,28.600185500000002,I think we all knew this based from trailer footage but‚Ä¶ spoiler alert?!
1519012468869193729,SalemFootballVB,Tue Apr 26 17:56:09 +0000 2022,-76.143855,36.783263,Great visit today from @BCFootball. Appreciate @CoachSDuggan for discussing our student athletes. Look forward to a return visit! üîí
1519012469087383558,tols_16,Tue Apr 26 17:56:09 +0000 2022,-73.3726654,40.6863174,Drinking a Second One by @SandCityBeer @ Sand City South ‚Äî https://t.co/nFAsStigLG
1519012469666107394,Rdubbles,Tue Apr 26 17:56:09 +0000 2022,-79.861034,35.1704985,@antwanstaley when I was a little boy?
1519012470408441857,MrJoshuaGray,Tue Apr 26 17:56:09 +0000 2022,-122.29648850000001,47.442583,Kansas City Royals x PioneersHalo Infinite Boot CampAll day!!https://t.co/Wy7Ilp3Ob5@Xbox @Halo @HCS #Xbox‚Ä¶ https://t.co/iyWCDXGFCJ
1519012471586971648,matthixson,Tue Apr 26 17:56:09 +0000 2022,-122.5957415,45.3451245,@AlexontheMic They are idiots focused on the wording of their question. You would take a bitcoin assuming they are‚Ä¶ https://t.co/abMG4vpeBK
1519012471750619136,kohlektor,Tue Apr 26 17:56:09 +0000 2022,-118.4119065,34.0207895,"@9gagceo @AswangTribe has the most interesting art and backstory, fun and engaging community.@ThePossessedNFT has‚Ä¶ https://t.co/rFwIeIaVWB"
1519012471872364544,AtlRealtor_,Tue Apr 26 17:56:09 +0000 2022,-84.31507049999999,33.8745435,@jadeofalljades_ Best time to do it.
1519012472186880000,6__juicePenn1y,Tue Apr 26 17:56:09 +0000 2022,-86.27053950000001,45.001180000000005,Hard to tell &amp; see what‚Äôs really right for me
1519012472853774336,AllTheWayKay,Tue Apr 26 17:56:10 +0000 2022,-87.684316,41.5398285,Comfort. Luxury. Perseverance.
1519012472245604353,ThomasEdisonES,Tue Apr 26 17:56:09 +0000 2022,-86.791549,36.200008,"Lunch on the Lawn will be happening this Friday, April 29th! Don't forget to sign up on the paper that went home an‚Ä¶ https://t.co/EWvGRSzcjw"
1519012473743020032,LisaTyl45632940,Tue Apr 26 17:56:10 +0000 2022,-83.1738665,32.6782075,"@djuba52 Oh baby, Im so sorry u hot hurt.  I hope u aren't in pain later.  Maybe mom can hold some ice on ur owie o‚Ä¶ https://t.co/Kt7PWGxtaI"
1519012474057596928,BostonMoxley,Tue Apr 26 17:56:10 +0000 2022,-71.1839105,42.244598499999995,I bet the Red Sox would like to get back having her throw out the first pitch at the Woo Sox home opener now. Go ge‚Ä¶ https://t.co/Ngrvhv4pqa
1519012475836014598,NotMyTypewriter,Tue Apr 26 17:56:10 +0000 2022,-79.9135205,43.2606955,@annykchoi @kngprry @OraRunsWild @gritlitfestival @kwasi_ap2 @coachhousebooks @HarperCollinsCa I'll look into this! Thanks for flagging Ann.
1519012475739549696,_itsmepri,Tue Apr 26 17:56:10 +0000 2022,-77.0367,38.8951,ùóóùóºùóª‚ÄôùòÅ ùóØùóÆùóøùó∏ ùó∂ùó≥ ùòÜùóºùòÇ ùó∞ùóÆùóª‚ÄôùòÅ ùóØùó∂ùòÅùó≤..#ootdshare #dmvstyle #ootdblackgirls #minimalstyledaily #styleinspo‚Ä¶ https://t.co/ojSChMgAGx
1519012476104241152,CorxandForx,Tue Apr 26 17:56:10 +0000 2022,-122.923516,47.064528,A true #Beatbox #Artist üëèüèªüëèüèªüëèüèªSHOW-GO - Silver (Beatbox) https://t.co/1rqKiDpixy via @YouTube
1519012475961847809,flakebarmer,Tue Apr 26 17:56:10 +0000 2022,-86.819819,36.065305,Better photo of nearby hillside dominated by honeysuckle. It actually slid in 2010 flood. https://t.co/bc3yPNtND2
1519012478419488769,KishorBlue2,Tue Apr 26 17:56:11 +0000 2022,-124.169452,40.7826235,@blackintheempir Of course he ignores Biden
1519012477740199936,chayesmatthew,Tue Apr 26 17:56:11 +0000 2022,-73.957175,40.64611,"‚ÄúIt‚Äôs gonna be hard for people to hate me,‚Äù says ‚Å¶@NYCMayor‚Å© ‚Å¶@ericadamsfornyc‚Å©, touting his homelessness policy. https://t.co/W9mcIJq6ag"
1519012479258566658,Zimmie55,Tue Apr 26 17:56:11 +0000 2022,-83.2914245,42.6516675,The lift has been spreading disinformation for years
1519012479405150208,JDFish_9,Tue Apr 26 17:56:11 +0000 2022,-114.14326249999999,45.4945515,"I'm nervous about üëë The Crown Package üì¶ so I googled how many books have been published, ever. Approx 129M üìö. I div‚Ä¶ https://t.co/1XtmTOgYoa"
1519012479422005248,writerscupoftea,Tue Apr 26 17:56:11 +0000 2022,-122.3306025,47.614817,Bro those were the days https://t.co/o2do0H1PUw
1519012480567046144,isomeme,Tue Apr 26 17:56:11 +0000 2022,-118.48042000000001,34.022688,"@firemoggle @amritarosa A bunch of people like me are very, very busy there right now. Some small percentage of the‚Ä¶ https://t.co/7QkvLEWAQm"
1519012480810463232,itsDrewDavid,Tue Apr 26 17:56:11 +0000 2022,-81.3677725,28.501678499999997,see y‚Äôall on the other side. happy finals week https://t.co/Rc9JcwhPbr
1519012483381403649,DjBassK,Tue Apr 26 17:56:12 +0000 2022,-117.8819695,34.087543,Coachella was actually one of the dopest festivals I‚Äôve been too.
1519012484069351425,iamrocknation,Tue Apr 26 17:56:12 +0000 2022,-74.3150045,40.5695275,Not the kid ü§∑‚Äç‚ôÇÔ∏èüí™üí™üí™
1519012484123873283,samtosane,Tue Apr 26 17:56:12 +0000 2022,-75.4660545,40.257594499999996,@saltywoundz @10trilmc @AlwaysVoteBlue1 I saw trump take the side of Putin against Americans.  You want the video f‚Ä¶ https://t.co/z6mFdMJ7H3
1519012484337876992,FlapJacksonian,Tue Apr 26 17:56:12 +0000 2022,-97.89967,36.39619,"Me: I wonder what I‚Äôm getting/cooking for lunch, today.The cafeteria: *serving dinosaur chicken nuggets*Me: I‚Äôm‚Ä¶ https://t.co/tx5mQpF8y1"
1519012484711010304,Buddhabman,Tue Apr 26 17:56:12 +0000 2022,-118.4119065,34.0207895,@RandPaul @LeaderMcConnell @KYGOP If Kentucky  wants to leave the US. Please feel free.
1519012484866314240,Scottslifeeh,Tue Apr 26 17:56:12 +0000 2022,-80.2739375,43.147571,@geostylegeo I'm happy to be corrected or taught.
1519012485117796355,JohnA_USMCvet,Tue Apr 26 17:56:12 +0000 2022,-120.47181,37.316222499999995,@nathaliejacoby1 Oh no.
1519012485730390017,Draydel,Tue Apr 26 17:56:13 +0000 2022,-80.13296249999999,25.816965500000002,Leadership is constant education
1519012486606987264,PacoxFrancisco,Tue Apr 26 17:56:13 +0000 2022,-97.754724,30.323345500000002,trashbagg yo going??? yeahh not setting foot near DC that weekend
1519012487072468992,TheSydneyA,Tue Apr 26 17:56:13 +0000 2022,-83.1738665,32.6782075,Yall do not have to defend yt men with stolen wealth my friends I promise you don‚Äôt you will never see that wealth.
1519012486992875520,LanceCharen,Tue Apr 26 17:56:13 +0000 2022,-75.3864605,39.1450235,Our glorious @VP Kamala Harris has tested positive for Covid. Based upon all of her insanely stupid comments and in‚Ä¶ https://t.co/kLUnOCNr1E
1519012487697416192,coachckim92,Tue Apr 26 17:56:13 +0000 2022,-80.1226195,26.721896,@LegionHoops @Phil_Lewis_ JERRY AND MAGIC MAD BCUZ THAT‚ÄôS HOW THEY REALLY WERE IN PERSON. üòÇü§£üò≠
1519012489035452425,JeanDav49651306,Tue Apr 26 17:56:13 +0000 2022,-82.6605715,34.8486015,@GOP He can‚Äôt his puppet masters won‚Äôt allow it!! Plus he can‚Äôt speak or read his scripts!!
1519012488964034560,peterme,Tue Apr 26 17:56:13 +0000 2022,-122.2286855,37.791994,Live results of Twitter employees ‚Äúpulse‚Äù survey. https://t.co/oIkHebhVh5
1519012489819824130,sbrown6450,Tue Apr 26 17:56:14 +0000 2022,-95.584618,29.8935655,@AishiaDeal Truest
1519012489878544385,HeatherBrito,Tue Apr 26 17:56:14 +0000 2022,-70.938921,41.668285999999995,@starsmoonandsun Hahahaha! The fico score in the bio‚Ä¶.I‚Äôm a Taurus lmao üôÉ
1519012490725576705,peterme,Tue Apr 26 17:56:14 +0000 2022,-122.2286855,37.791994,"(For those who don‚Äôt know, a pulse survey is a quarterly/biannual quick survey for all employees, a ‚Äòpulse check‚Äô o‚Ä¶ https://t.co/MLNBo1xgHI"
1519012490251808768,stlDenise3D,Tue Apr 26 17:56:14 +0000 2022,-90.200989,38.633463,On a 3D scanning safari. Never looked at art to determine if it would need too many supports. ü§£ https://t.co/rA0B7DzuzY
1519012491275165697,ABigThingBadly,Tue Apr 26 17:56:14 +0000 2022,-72.7502315,41.762316999999996,@dingalingts I need to understand this better I guess :-)I have some reading to do this week.  Thanks!
1519012490985627648,camilogalloh,Tue Apr 26 17:56:14 +0000 2022,-117.02246299999999,32.633767,Emma is getting empanadas a bad reputation.  They're actually very good and delicious.  #SellingSunset https://t.co/tQDxtlW6dq
1519012491317194759,AviciiLambert,Tue Apr 26 17:56:14 +0000 2022,-81.986834,26.63648,I wonder who is opening up for Adam for all of these shows?
1519012492252520449,CorganMervantes,Tue Apr 26 17:56:14 +0000 2022,-95.6907325,39.037579,if i‚Äôm ever late just know it‚Äôs bc i was in line waiting for the puppy pump
1519012492168552448,GalleryByHal,Tue Apr 26 17:56:14 +0000 2022,-89.60384400000001,39.8955275,"@Nicole_El The fear is he will turn Twitter into a right wing site, ala Breitbart..."
1519012492407570433,edwahorizon,Tue Apr 26 17:56:14 +0000 2022,-119.85507849999999,34.421639,@liigles Love Meg man. Hopefully can play them again
